,NA,Ephemeroptera,Trichoptera,Ephemeroptera,Trichoptera,Ephemeroptera,Plecoptera,Diptera,Diptera,Plecoptera,Hemiptera,Diptera,Diptera,Diptera,Coleoptera,Coleoptera,Diptera,Ephemeroptera,Amphipoda,Rhynchobdellida,Trichoptera,Ephemeroptera,Amphipoda,Coleoptera,Prosobranchia,Coleoptera,Trichoptera,Trichoptera,Acariformes,Acariformes,Trichoptera,Trichoptera,Ephemeroptera,Plecoptera,Trichoptera,Lumbriculida,Pulmonata,Diptera,Oligochaeta,Plecoptera,Plecoptera,Plecoptera,Plecoptera,Trichoptera,Pulmonata,Tricladida,Pulmonata,Diptera,Trichoptera,Diptera,Acariformes,Lamellibranchia,Plecoptera,Diptera,Oligochaeta,Trichoptera,Prosobranchia
,NA,Ameletidae,Apataniidae,Baetidae,Brachycentridae,Caenidae,Capniidae,Ceratopogonidae,Chironomidae,Chloroperlidae,Corixidae,Culicidae,Deuterophlebiidae,Dixidae,Dytiscidae,Elmidae,Empididae,Ephemerellidae,Gammaridae,Glossiphoniidae,Glossosomatidae,Heptageniidae,Hyalellidae,Hydraenidae,Hydrobiidae,Hydrophilidae,Hydropsychidae,Hydroptilidae,Hygrobatidae,Lebertiidae,Lepidostomatidae,Leptoceridae,Leptophlebiidae,Leuctridae,Limnephilidae,Lumbriculidae,Lymnaeidae,Muscidae,Naididae,Nemouridae,Peltoperlidae,Perlidae,Perlodidae,Phryganeidae,Physidae,Planariidae,Planorbidae,Psychodidae,Rhyacophilidae,Simuliidae,Sperchonidae,Sphaeriidae,Taeniopterygidae,Tipulidae,Oligochaetae,Uenoidae,Valvatidae
002-T,1,0,0,5,0,0,0,0,20,8,1,0,0,0,0,42,0,0,0,0,0,0,0,0,5,0,0,0,0,1,0,0,0,0,0,0,0,0,4,0,0,0,1,0,0,0,3,0,0,0,1,52,0,0,0,0,0
003-T,1,0,0,0,0,0,1,0,123,0,0,0,0,0,0,0,1,0,0,0,0,1,0,0,0,0,0,0,0,0,0,0,0,0,0,0,0,0,0,2,0,0,0,0,0,0,0,0,1,2,0,0,0,2,0,0,0
004-T,1,0,0,15,0,0,0,0,27,9,0,0,0,0,0,0,0,1,0,0,0,44,0,0,0,0,0,0,0,0,0,0,0,0,2,0,0,0,0,19,0,0,0,0,0,0,0,0,4,1,6,0,0,7,0,43,0
005-T,1,0,1,11,6,0,0,1,101,0,0,0,0,0,0,0,2,0,0,0,0,2,0,0,0,0,0,0,0,0,0,0,1,0,1,0,0,0,0,13,0,0,0,0,0,0,0,0,9,2,0,0,0,0,0,0,0
006-T,1,0,0,1,0,2,0,0,112,0,0,0,0,0,2,12,4,0,0,1,0,0,1,0,6,0,0,7,0,1,0,3,1,0,0,0,0,0,0,0,0,0,0,0,0,0,0,0,1,1,0,6,0,0,0,0,5
007-T,1,1,0,29,0,0,0,0,87,0,0,0,0,0,0,0,0,2,0,0,1,20,0,0,0,0,0,0,0,0,0,0,0,0,0,0,0,0,0,6,0,0,0,0,0,0,0,0,2,6,3,0,0,0,0,0,0
008-T,1,0,0,97,1,0,0,1,35,0,0,0,0,0,0,0,0,1,0,0,0,0,0,0,0,0,0,0,0,0,0,0,0,0,1,0,0,0,6,2,0,0,0,0,0,0,0,0,0,12,2,0,0,0,0,0,0
012-T,1,0,1,23,1,0,0,1,101,3,0,0,0,0,0,0,3,0,0,0,0,2,0,0,0,0,0,1,0,0,0,0,1,0,2,0,0,0,1,0,0,0,0,0,0,0,0,0,15,11,9,2,0,1,0,0,0
013-T,1,2,0,24,0,0,0,0,36,7,0,0,0,0,0,0,1,6,0,0,0,16,0,0,0,0,0,0,0,0,0,0,0,0,0,18,0,0,2,10,0,0,0,0,0,0,0,2,0,44,0,0,0,3,0,3,0
014-T,1,0,0,27,0,0,0,0,37,0,0,0,1,0,0,0,1,1,0,0,0,57,7,0,0,0,0,0,0,0,0,0,0,3,0,0,0,0,74,5,0,0,0,0,0,0,0,0,2,15,2,0,0,3,0,0,0
019-T,1,0,0,34,0,0,0,9,0,2,0,0,0,0,0,0,0,3,0,0,0,0,0,0,0,0,1,1,0,0,0,0,2,0,0,0,2,0,0,1,0,0,0,0,0,0,2,4,0,0,3,35,0,8,0,0,0
022-T,1,0,0,28,0,0,0,0,21,0,0,0,0,0,0,0,1,0,0,0,0,16,0,0,0,0,0,0,0,0,0,0,0,0,1,0,0,0,0,2,0,0,0,0,0,0,0,0,4,18,0,0,0,0,0,0,0
023-T,1,33,0,18,0,0,0,22,27,8,1,0,5,0,0,0,0,10,0,0,0,70,0,0,0,0,0,1,0,0,0,0,0,1,1,0,1,0,0,0,0,0,3,0,0,0,2,0,2,6,6,1,0,1,0,0,0
025-T,1,7,0,30,0,0,0,0,6,0,0,0,0,0,0,0,2,0,0,0,1,51,0,0,0,0,4,0,0,0,0,0,0,0,0,0,0,0,0,80,0,0,0,0,0,0,0,0,2,13,2,0,0,0,0,0,0
026-T,1,1,0,123,0,0,0,0,29,0,0,0,0,0,0,0,1,15,0,0,0,2,0,0,0,0,0,0,0,0,0,0,0,0,0,0,0,0,2,9,0,0,0,0,0,0,0,0,2,41,0,0,0,0,0,0,0
028-T,1,0,0,0,0,0,0,2,8,0,0,0,0,0,0,0,0,0,0,0,0,0,0,0,0,4,0,0,0,0,0,0,0,1,0,18,0,0,0,0,0,0,0,0,0,0,0,0,0,0,0,0,0,0,0,0,0
031-T,1,4,7,0,0,0,0,0,267,0,0,0,0,0,0,1,0,0,0,0,0,0,0,0,0,0,0,0,0,0,0,0,0,0,1,0,0,0,3,0,0,0,0,0,0,0,0,0,0,0,1,0,0,2,0,0,0
033-T,1,6,0,99,0,0,0,0,182,6,0,0,0,0,0,0,0,0,0,0,0,11,0,0,0,0,0,0,0,0,0,0,0,0,0,3,0,0,0,17,0,0,0,0,0,0,0,0,0,0,0,0,0,0,0,0,0
034-T,1,15,0,101,0,0,0,0,19,6,0,0,0,0,0,0,0,0,0,0,0,59,0,0,0,0,0,0,0,0,0,0,0,0,22,0,0,0,26,43,0,0,4,0,0,0,0,0,0,5,0,0,0,1,0,0,0
035-T,1,24,0,26,0,0,0,0,28,0,0,0,0,0,0,1,2,0,0,0,0,7,2,0,0,0,0,0,0,0,0,0,0,0,34,0,0,0,4,25,0,0,0,0,0,0,0,0,0,0,0,0,0,0,0,0,0
037-T,1,0,0,9,0,0,24,0,204,0,0,0,0,0,0,0,0,0,1,0,0,0,0,0,0,0,0,0,0,0,0,0,0,5,0,0,0,0,18,41,0,0,0,0,0,0,0,0,0,4,0,0,0,0,0,0,0
038-T,1,0,0,55,0,0,0,0,25,0,0,0,0,0,0,0,0,0,0,0,0,4,0,0,0,0,0,0,0,0,0,0,0,0,0,0,0,0,4,46,0,0,0,0,0,0,0,0,0,70,0,0,0,0,0,0,0
039-T,1,0,0,23,0,0,7,0,13,0,0,0,0,0,0,0,0,0,0,0,0,3,0,0,0,0,0,0,0,0,0,0,0,0,2,0,0,0,2,19,0,0,0,0,0,0,0,0,0,30,1,0,0,0,0,0,0
040-T,1,0,0,0,0,0,33,0,186,0,0,0,0,0,0,0,0,0,0,0,0,0,0,0,0,0,0,0,0,0,0,0,0,0,0,0,0,0,8,56,0,0,0,0,0,0,0,0,0,15,2,0,0,2,0,0,0
041-T,1,0,0,0,0,0,0,0,33,0,0,0,0,0,0,0,0,0,0,0,0,0,0,0,0,0,0,0,0,0,0,0,0,0,0,0,0,0,6,1,0,0,0,0,4,0,0,0,0,0,0,0,0,1,0,0,0
042-T,1,0,0,28,0,0,0,2,76,0,0,0,0,0,1,0,4,0,0,0,0,0,0,0,0,0,0,0,0,0,0,0,4,0,0,0,0,0,30,0,0,0,0,0,0,0,0,0,0,150,0,2,0,4,0,0,34
043-T,1,0,0,51,0,0,0,0,84,0,0,0,0,0,0,0,0,0,0,0,0,0,0,0,0,0,0,0,0,0,0,0,0,0,1,0,0,0,0,2,0,0,0,0,0,0,0,0,0,5,0,0,0,7,0,0,0
044-T,1,0,0,0,0,0,0,0,7,0,0,1,0,0,0,0,0,0,109,0,0,0,0,0,0,0,0,0,0,0,0,0,0,0,7,2,0,0,27,4,0,0,0,0,0,0,0,0,0,0,1,0,0,8,0,0,0
045-T,1,0,0,10,0,0,0,0,33,0,0,0,0,0,2,0,0,0,0,0,0,0,0,0,0,0,0,2,0,0,0,0,0,0,0,0,0,0,39,49,0,0,0,0,0,0,0,0,0,186,0,0,0,0,0,0,0
046-T,1,0,0,25,1,0,0,0,167,0,0,0,0,0,0,0,9,0,0,0,0,0,0,0,0,0,0,0,0,0,0,0,0,0,2,5,2,0,0,1,0,0,0,0,3,0,30,0,0,25,0,0,0,15,0,0,22
047-T,1,0,0,20,0,0,0,2,54,0,4,0,0,1,0,0,0,0,0,0,0,0,0,0,0,0,0,0,0,0,0,0,0,0,0,3,1,0,14,16,0,0,0,0,0,0,0,0,0,37,0,0,0,3,0,0,2
048-T,1,0,0,0,0,0,0,0,207,0,1,0,0,1,0,0,0,0,0,0,0,0,0,0,0,0,0,0,0,1,0,0,0,0,0,0,0,0,33,1,0,0,0,0,0,0,0,0,0,3,0,16,0,0,0,0,6
049-T,1,0,0,5,0,0,0,0,16,0,0,1,0,0,0,0,0,0,0,0,0,0,0,0,0,0,0,0,0,0,0,0,0,0,0,0,0,0,0,0,0,0,0,0,0,0,0,0,0,3,0,0,0,0,0,0,0
050-T,1,1,0,1,0,0,0,0,0,0,0,0,0,0,0,0,0,5,0,0,0,0,0,0,0,0,0,0,0,1,0,0,0,0,0,0,1,0,0,0,0,0,0,0,0,0,0,0,0,5,0,0,0,1,0,0,0
056-T,1,2,2,30,0,0,0,0,202,0,0,0,0,0,8,0,10,46,0,0,0,0,0,0,0,0,0,4,0,0,0,0,0,0,0,0,0,0,0,0,0,0,0,0,0,0,0,0,4,0,2,0,0,0,0,0,0
059-T,1,0,3,6,0,0,0,0,44,0,0,0,0,0,0,0,2,45,0,0,0,0,0,0,0,0,0,0,0,0,0,0,2,0,5,0,0,0,0,0,0,0,0,0,0,0,0,0,0,119,0,58,0,0,0,0,7
061-T,1,0,0,80,0,0,0,0,137,30,0,0,0,0,0,0,4,0,0,0,18,0,0,0,0,0,2,0,0,0,0,0,0,0,10,0,0,2,30,0,0,0,8,0,0,0,0,0,2,3,0,0,0,8,0,0,0
062-T,1,0,0,43,0,0,0,0,4,1,0,0,0,0,0,0,2,2,0,0,0,2,0,0,0,0,0,0,0,0,0,0,0,0,1,0,0,0,4,0,0,1,0,0,0,0,0,0,0,3,2,0,0,0,0,0,0
063-T,1,0,3,50,0,0,0,0,170,1,0,0,0,0,4,0,3,0,0,0,0,0,0,0,0,0,0,0,0,0,0,0,0,0,2,0,0,0,8,13,0,0,0,0,0,0,0,0,1,38,0,0,0,4,0,0,0
064-T,1,0,0,27,0,0,0,0,15,1,0,0,0,0,0,0,10,0,0,0,10,5,0,0,0,0,0,0,0,0,0,0,0,0,0,0,0,0,5,4,0,6,0,0,0,0,0,0,0,5,0,0,0,1,0,0,0
067-T,1,0,0,178,0,0,0,0,44,0,0,0,0,0,0,0,0,0,0,0,0,44,0,0,0,0,0,0,0,0,0,0,0,0,0,9,0,0,0,6,0,0,3,0,0,0,0,0,0,0,0,0,0,0,0,0,0
068-T,1,0,0,97,0,0,0,0,106,0,0,0,0,0,0,0,0,0,0,0,0,0,0,0,0,0,0,0,0,0,0,0,0,0,7,0,0,0,5,2,0,0,0,0,0,0,0,0,0,88,0,0,0,0,0,0,0
069-T,1,0,0,180,0,0,0,0,17,0,0,0,0,0,0,0,0,0,0,0,0,3,0,0,0,0,0,0,0,0,0,0,0,0,4,0,0,0,0,0,0,0,2,0,0,0,0,0,0,138,0,0,0,1,0,0,0
071-T,1,0,0,5,0,0,0,0,8,9,0,0,0,0,0,0,11,0,0,0,0,12,0,0,0,0,0,0,0,0,0,0,0,0,3,0,0,0,0,34,0,0,0,0,0,0,0,0,0,3,14,0,0,0,0,0,0
073-T,1,0,0,7,0,0,0,0,154,0,0,0,0,0,1,0,7,0,0,0,0,0,0,0,0,0,0,0,0,0,0,0,0,0,13,0,0,0,42,20,0,0,1,0,0,0,0,3,0,9,3,0,0,4,0,0,0
074-T,1,0,3,37,1,0,0,0,5,0,5,0,0,0,0,0,0,0,0,0,7,0,0,0,0,0,8,0,0,0,0,0,6,0,15,0,0,0,0,12,7,0,6,1,0,0,0,0,0,21,0,0,0,14,0,0,0
075-T,1,0,3,30,4,0,9,3,55,2,1,0,0,0,4,0,11,19,0,0,6,7,0,0,0,0,0,1,0,1,0,0,3,0,1,0,0,0,0,0,0,0,1,0,0,0,0,3,1,4,9,0,0,0,0,0,0
076-T,1,3,0,21,0,0,0,0,126,0,0,0,0,0,0,0,4,0,0,0,0,13,0,0,0,0,0,0,0,0,0,0,0,0,0,0,0,0,42,7,0,0,0,0,0,0,0,6,0,59,7,0,0,1,0,0,0
120-T,1,0,0,9,0,0,0,0,188,0,0,0,0,0,0,0,0,5,0,0,0,45,0,0,0,0,0,0,0,0,0,0,0,0,3,0,0,0,0,0,0,0,0,0,0,0,0,0,0,4,1,0,0,3,0,0,0
121-T,1,0,0,14,0,0,0,0,88,7,0,0,0,0,0,0,0,0,0,0,0,5,0,0,0,0,0,0,0,0,0,0,0,0,12,0,0,0,0,0,0,0,0,0,0,0,0,1,0,64,0,0,0,0,0,0,0
123-T,1,1,0,15,0,0,0,0,24,27,0,0,4,0,0,0,0,11,0,0,0,185,0,0,0,0,0,0,0,2,0,0,0,0,0,12,0,0,0,2,0,0,0,0,0,0,0,0,0,6,0,0,0,0,0,0,0
131-T,1,0,0,366,0,0,0,0,156,0,42,0,0,42,12,0,0,0,270,0,0,0,0,0,0,0,0,0,0,6,0,0,222,0,288,0,12,0,36,0,0,0,0,0,120,0,0,0,0,6,0,144,0,0,0,0,0
132-T,1,0,0,144,6,0,0,0,234,0,0,0,0,0,6,0,0,6,0,0,0,0,0,0,0,0,0,0,0,6,0,0,0,0,24,0,0,0,0,0,0,0,0,0,0,0,0,0,0,36,0,0,0,0,0,0,0
133-T,1,0,0,0,0,0,0,200,208,0,0,0,0,8,0,0,0,0,0,0,0,0,0,0,0,0,0,0,0,20,0,0,16,0,12,80,0,0,0,0,0,0,0,0,0,0,0,0,0,0,12,0,0,0,0,0,0
134-T,1,0,0,2,0,0,0,1,77,14,0,0,0,0,0,0,0,8,0,0,14,45,0,0,0,0,0,0,0,0,0,0,0,0,0,18,0,0,0,30,0,0,5,0,0,0,0,0,2,0,0,0,0,0,0,0,0
136-T,1,0,0,0,0,0,0,0,780,24,0,0,0,0,0,0,12,0,0,0,0,156,24,0,0,0,0,0,0,0,0,0,0,0,0,204,0,0,0,816,0,0,36,0,0,0,0,12,0,1896,0,0,0,0,0,0,0
137-T,1,0,0,2,0,0,3,1,27,2,0,0,0,0,0,0,0,2,0,0,0,2,0,0,0,0,0,0,0,2,0,0,0,0,0,0,0,0,0,0,0,0,0,0,0,0,0,1,0,3,4,0,0,0,0,0,0
138-T,1,0,0,0,0,0,0,5,28,4,0,0,0,0,0,0,0,5,0,0,0,0,0,0,0,0,0,0,0,0,0,0,0,1,0,0,0,0,12,0,0,0,2,0,0,0,0,6,0,0,14,0,0,2,0,0,0
139-T,1,2,0,6,0,0,12,8,208,19,0,0,0,0,2,0,2,5,0,0,0,19,0,0,0,0,6,0,0,0,0,0,0,0,0,0,0,0,14,0,0,0,4,0,0,0,0,0,0,16,15,0,0,4,0,0,0
141-T,1,3,0,7,0,0,0,4,61,5,0,0,0,0,0,0,20,7,0,0,0,47,0,0,0,0,0,0,0,3,0,0,0,4,0,20,0,0,0,3,0,0,3,0,0,0,0,2,15,12,24,0,0,1,0,0,0
144-T,1,16,0,110,0,0,8,0,76,56,0,0,0,0,0,0,120,0,0,0,16,152,0,0,0,0,0,0,0,8,0,0,0,0,0,0,0,0,0,268,0,0,0,0,0,0,0,0,30,26,80,0,0,0,0,0,0
154-T,1,0,0,53,0,0,0,0,14,7,0,0,0,0,0,0,5,0,0,0,0,92,6,0,0,0,0,0,0,0,0,0,0,0,0,0,0,0,0,32,0,0,0,0,0,0,0,0,0,65,1,0,0,0,0,0,0
156-T,1,7,0,12,0,0,0,5,518,0,0,0,0,7,0,0,0,19,0,0,31,0,0,0,0,0,0,5,0,82,0,0,14,0,0,12,0,0,0,0,0,0,0,0,0,0,0,82,5,5,12,0,0,5,0,0,0
157-T,1,0,0,24,12,0,0,6,2994,0,0,0,0,0,0,0,0,0,0,0,36,0,0,0,0,0,0,30,0,18,0,0,0,0,120,0,6,0,0,0,0,0,12,0,18,0,18,24,0,90,360,12,0,30,0,0,0
167-T,1,4,0,16,0,0,0,0,340,0,0,0,0,0,0,0,24,4,0,0,0,108,0,0,0,0,0,0,0,8,0,0,0,0,0,0,0,0,0,660,0,0,4,0,0,0,0,0,108,36,12,0,0,0,0,0,0
168-T,1,0,0,700,600,0,0,0,2613,0,0,0,0,0,13,0,63,75,0,0,0,0,0,0,0,0,0,0,0,125,0,0,0,0,13,188,0,0,0,0,0,0,0,0,0,0,0,0,0,25,38,0,0,0,0,0,0
170-T,1,10,0,1738,0,0,119,0,471,0,0,0,0,0,0,0,0,0,0,0,0,129,0,0,0,0,0,0,0,0,0,0,0,0,0,0,0,0,0,19,0,0,0,0,0,0,0,0,0,400,0,0,0,0,0,0,0
176-T,1,0,0,40,0,0,30,0,220,0,0,0,0,0,0,0,0,0,0,0,0,0,0,0,0,0,0,0,0,0,0,0,0,0,0,25,0,0,115,565,0,0,0,0,0,0,0,5,0,5,0,0,0,10,0,0,0
177-T,1,1,0,10,0,0,0,2,78,0,0,0,0,0,0,0,0,2,0,0,0,0,0,1,0,0,0,0,0,0,0,0,0,0,0,7,0,0,17,0,0,0,0,0,0,0,0,1,0,15,0,0,0,0,0,0,0
178-T,1,1,0,1,0,0,0,0,63,0,0,0,0,1,0,0,0,0,0,0,0,0,0,0,0,0,0,0,0,0,0,0,0,0,0,0,0,0,0,2,0,0,0,0,0,0,0,0,0,0,0,0,0,0,0,0,0
179-T,1,0,0,0,0,0,0,0,136,0,0,0,0,0,0,0,0,0,0,0,0,0,0,0,0,0,0,0,0,0,0,0,0,0,0,0,0,0,0,54,0,0,0,0,0,0,0,0,0,0,2,0,0,9,0,0,0
182-T,1,0,0,0,0,0,0,0,54,0,0,0,0,0,0,0,0,0,0,0,0,1,0,0,0,0,0,0,0,0,0,0,0,0,0,9,0,1,0,0,0,0,0,0,0,0,0,0,0,1,0,0,0,5,0,0,0
183-T,1,0,0,16,0,0,0,0,192,0,0,0,0,0,0,0,0,0,0,0,0,14,0,0,0,0,0,0,0,0,0,0,0,0,0,0,0,0,0,0,0,0,0,0,0,0,0,1,0,0,0,0,0,3,0,0,0
185-T,1,1,0,0,0,0,4,0,109,0,0,0,0,0,0,0,0,0,3,0,0,34,0,0,0,0,0,0,0,0,0,0,0,0,1,5,0,0,0,5,0,0,0,0,0,0,0,0,0,2,0,0,0,6,0,0,0
186-T,1,0,0,75,0,0,0,0,32,10,0,0,0,0,0,0,31,8,0,0,48,68,0,0,0,0,5,0,0,0,0,0,0,12,0,0,0,0,2,7,0,0,1,0,0,0,0,0,5,0,7,0,0,0,0,36,0
187-T,1,3,0,4,0,0,0,6,94,0,0,0,0,0,0,0,2,15,0,0,0,170,0,0,0,0,10,0,0,0,0,0,0,0,0,0,0,0,0,0,0,0,0,0,0,0,0,0,5,3,2,0,0,0,0,22,0
190-T,1,0,0,34,0,0,48,50,116,18,0,0,0,0,0,0,0,90,0,0,0,162,0,0,0,0,0,0,8,8,0,0,0,0,14,0,0,0,0,8,0,0,4,0,0,0,0,0,22,8,8,0,0,2,0,0,0
191-T,1,10,0,33,0,0,0,0,380,93,0,0,0,0,0,0,17,0,0,0,10,103,0,0,0,0,0,0,0,0,0,0,0,37,7,0,0,0,0,260,0,0,47,0,0,33,0,7,10,57,7,0,0,7,0,0,0
192-T,1,1,0,5,0,0,0,4,134,18,0,0,0,0,0,0,6,5,0,0,0,32,0,0,0,0,0,0,0,6,0,0,0,14,0,0,0,0,0,18,0,0,1,0,0,3,0,0,10,6,4,0,0,0,0,2,0
193-T,1,1,0,0,0,0,0,14,140,18,0,0,0,1,0,0,1,37,0,0,5,158,0,0,0,0,8,0,0,6,0,0,0,35,1,0,0,0,0,37,0,0,9,0,0,0,0,23,6,36,4,0,0,5,0,13,0
194-T,1,6,0,3,0,0,0,1,96,19,0,0,0,0,0,0,1,17,0,0,1,89,0,0,0,0,2,0,1,8,0,0,0,3,5,0,0,0,0,12,0,0,2,0,0,0,0,1,5,1,13,0,0,2,0,51,0
195-T,1,0,0,1,0,0,7,14,25,8,0,0,0,0,1,0,0,13,0,0,0,99,0,0,0,0,0,0,0,9,0,0,0,2,0,1,0,0,0,5,0,0,0,0,0,0,0,0,3,17,7,0,0,1,0,18,0
196-T,1,3,0,0,0,0,23,0,10,17,0,0,0,0,0,0,0,14,0,0,0,195,0,0,0,0,0,0,0,2,0,0,0,0,1,0,0,0,0,11,0,0,7,0,0,0,0,0,4,10,4,0,6,0,0,26,0
198-T,1,0,0,855,0,0,23,0,136,0,0,0,0,0,0,0,0,0,0,0,0,9,0,0,0,0,0,0,0,0,0,0,0,0,0,0,0,0,0,123,0,0,0,0,0,0,0,5,0,314,0,0,0,0,0,0,0
199-T,1,1,0,506,1,0,1,0,238,1,0,0,0,0,0,0,0,9,0,0,0,126,0,0,0,0,0,0,0,1,0,0,0,0,0,70,0,0,0,2,0,0,2,0,0,0,0,0,0,133,0,0,0,8,0,0,0
200-T,1,0,0,102,0,0,0,0,470,0,0,0,0,0,0,0,4,0,0,0,0,0,0,0,0,0,0,0,0,0,0,0,0,0,8,0,0,4,19,6,0,0,0,0,0,0,0,0,0,0,0,0,0,0,0,0,0
202-T,1,0,0,63,0,0,0,0,921,2,0,0,0,0,0,0,0,127,0,0,0,31,0,0,0,0,0,0,0,0,0,0,0,0,0,13,0,0,98,2,0,0,0,0,0,0,0,0,2,65,0,0,0,0,0,0,0
203-T,1,0,23,269,0,0,0,15,815,162,0,0,0,0,0,0,8,85,0,0,0,500,0,0,0,0,0,0,0,8,0,0,0,0,0,500,0,0,0,0,0,0,15,0,0,0,0,0,0,15,8,0,0,8,0,0,0
204-T,1,0,0,33,1,0,0,0,10,1,0,0,0,0,0,0,0,3,0,0,0,70,0,0,0,0,0,0,2,0,0,0,0,0,1,4,0,0,0,0,0,0,1,0,0,0,0,0,0,5,0,0,0,0,0,0,0
205-T,1,0,0,0,0,0,0,1,8,0,0,0,0,0,0,0,0,0,0,0,0,0,0,0,0,0,0,0,0,0,0,0,0,0,0,0,0,0,0,0,0,0,0,0,0,0,0,1,0,0,0,1,0,0,0,0,0
206-T,1,0,0,0,0,0,0,0,24,0,0,0,0,0,0,0,0,0,0,0,0,0,0,0,0,0,0,0,0,0,0,0,0,0,2,6,0,0,0,0,0,0,0,0,0,0,0,1,0,0,0,0,0,0,2,0,0
208-T,1,0,0,0,0,0,1,0,1,0,0,0,0,0,0,0,0,0,0,0,0,0,0,0,0,0,0,0,0,0,0,0,0,0,0,5,0,0,2,0,0,0,0,0,0,0,0,0,0,0,0,0,0,0,0,0,0
209-T,1,0,0,0,0,0,0,0,3,0,0,0,0,0,0,0,0,0,0,0,0,0,0,0,0,0,0,0,0,0,0,0,0,0,0,6,0,0,3,0,0,0,0,0,0,0,0,0,0,1,0,0,0,0,0,0,0
210-T,1,0,0,9,0,0,0,0,127,1,0,0,0,0,0,0,0,0,0,0,0,13,0,0,0,0,0,0,0,0,0,0,0,0,0,0,0,0,0,2,0,0,2,0,0,0,0,0,0,51,2,0,0,0,0,0,0
211-T,1,0,0,42,0,0,31,0,160,0,0,0,0,0,0,0,0,0,0,0,0,0,0,0,0,0,0,0,0,0,0,0,0,0,0,0,0,0,0,146,0,0,0,0,0,0,0,0,0,34,0,0,0,0,0,0,0
212-T,1,0,0,76,0,0,16,0,64,0,0,0,0,0,0,0,0,0,0,0,0,1,0,0,0,0,0,0,0,0,0,0,0,0,1,0,0,0,16,29,0,0,0,0,0,0,0,0,0,1,0,0,0,0,0,0,0
213-T,1,4,0,0,0,0,0,0,10,0,0,0,0,0,0,0,0,0,0,0,2,1,0,0,0,0,1,0,0,0,1,0,0,0,0,41,0,0,0,166,0,0,0,0,0,9,0,0,0,2,0,0,0,1,0,0,0
251-T,1,0,0,1008,0,0,8,0,808,0,0,0,0,0,8,0,8,0,0,0,0,246,0,0,0,0,0,0,0,0,0,0,0,0,15,0,0,0,0,31,0,0,0,0,0,0,0,0,0,231,0,0,0,15,0,0,0
252-T,1,0,0,520,0,0,107,40,520,0,0,0,0,0,0,0,0,0,0,0,0,73,0,0,0,0,0,0,0,0,0,0,0,0,0,0,0,0,0,80,0,0,0,0,0,0,0,0,0,880,0,0,0,0,0,0,0
253-T,1,0,0,142,0,0,70,0,91,0,0,0,0,0,0,0,3,0,0,0,0,24,0,0,0,0,0,0,0,0,0,0,0,0,0,0,0,0,0,145,0,0,0,0,0,0,0,0,0,461,0,0,0,0,0,0,0
254-T,1,167,0,873,0,0,13,0,560,73,0,0,0,0,0,0,0,0,0,0,0,207,0,0,0,0,0,0,0,0,0,0,0,0,27,0,0,0,0,0,0,0,7,0,0,0,0,0,0,147,0,0,0,7,0,0,0
255-T,1,150,0,400,0,0,17,0,2233,533,0,0,0,0,0,0,0,0,0,0,0,50,0,0,0,0,0,0,0,50,0,0,0,0,233,0,0,0,0,17,0,0,33,0,0,0,0,50,0,100,33,0,0,150,0,0,0
257-T,1,364,0,184,0,0,0,0,88,0,0,0,0,0,0,0,0,0,0,0,0,144,0,0,0,0,0,0,0,0,0,0,0,0,24,0,0,0,0,12,0,0,12,0,0,0,0,4,0,44,0,0,0,0,0,0,0
258-T,1,0,0,383,0,0,0,0,1467,0,0,0,0,0,0,0,0,267,0,0,0,0,0,0,0,0,0,0,33,67,950,0,267,0,0,0,67,0,0,0,0,0,0,0,33,0,0,0,0,133,0,217,0,0,0,0,0
259-T,1,0,0,0,0,0,0,0,65,1,0,0,0,0,1,0,0,5,0,0,0,0,0,0,0,0,0,0,0,0,0,0,0,0,0,0,0,0,0,1,1,0,0,0,0,0,0,0,0,2,0,0,0,0,0,0,0
260-T,1,0,0,0,0,0,0,0,8,0,0,0,0,0,0,0,0,0,0,0,0,0,0,0,0,0,0,0,0,0,0,0,0,0,0,0,0,0,0,0,0,0,0,0,0,0,0,0,0,0,0,0,0,0,0,0,0
261-T,1,0,0,0,0,0,0,0,17,0,0,0,0,0,0,0,0,1,0,0,0,0,0,0,0,0,0,0,0,0,0,0,0,0,0,0,0,0,0,0,0,0,0,0,0,0,0,0,0,1,0,0,0,0,0,0,0
262-T,1,0,0,0,0,0,0,0,128,0,1,0,0,0,0,0,0,0,0,0,0,0,0,0,0,0,0,0,0,0,0,0,0,0,0,0,0,0,0,0,0,0,0,0,0,0,0,0,0,1,0,0,0,0,0,0,0
265-T,1,0,0,0,0,0,0,0,721,0,0,0,0,0,6,0,0,0,0,0,0,0,0,0,0,0,0,0,0,0,0,0,0,0,4,0,0,0,0,0,0,0,0,0,0,0,0,0,0,0,0,2,0,0,0,0,0
266-T,1,0,0,0,0,0,0,0,11,0,2,0,0,0,0,0,0,0,0,0,0,0,0,0,0,0,0,0,0,0,0,0,0,0,0,0,0,0,0,0,0,0,0,0,0,0,0,0,0,0,0,0,0,0,0,0,0
267-T,1,125,0,625,0,0,975,0,4875,325,0,0,0,0,0,0,0,0,0,0,0,175,0,0,0,0,0,0,0,0,0,0,0,0,25,0,0,0,0,100,0,0,275,0,0,0,0,0,0,25,0,0,0,25,0,0,0
268-T,1,17,0,250,0,0,37,0,73,163,0,0,0,0,0,0,0,0,0,0,0,353,0,0,0,0,0,0,0,0,0,0,0,0,10,0,0,0,0,0,0,0,10,0,0,0,0,0,0,13,0,0,0,3,0,0,0
269-T,1,0,800,4100,0,0,100,0,700,0,0,0,0,0,0,0,0,75,0,0,0,425,0,0,0,0,0,0,0,50,0,0,0,0,0,0,0,0,0,1275,0,0,0,0,0,0,0,0,0,575,50,0,0,50,0,0,0
270-T,1,0,0,433,0,0,57,0,105,0,0,0,0,0,0,0,0,0,0,0,0,210,0,0,0,0,0,0,0,0,0,0,0,0,5,0,0,0,0,300,0,0,0,0,0,0,0,0,0,419,5,0,0,5,0,0,0
271-T,1,0,0,9,0,0,0,0,106,0,0,0,0,0,0,0,3,0,0,0,0,7,0,0,0,0,0,0,0,16,0,0,0,0,2,23,0,0,0,21,0,0,0,0,0,0,0,0,0,4,7,0,0,6,0,0,0
272-T,1,0,0,28,0,0,6,0,722,0,0,0,0,0,0,0,17,0,0,0,0,3,0,0,0,0,0,0,0,0,0,0,0,0,22,0,0,3,0,39,0,0,0,0,0,0,0,0,0,11,0,0,0,6,0,0,0
273-T,1,0,0,187,0,0,1,0,89,0,0,0,0,0,0,0,0,0,0,0,0,15,0,0,0,0,0,0,0,0,0,0,0,0,0,0,0,0,1,30,0,0,0,0,0,0,0,0,0,6,0,0,0,4,0,0,0
275-T,1,4,0,37,17,0,0,0,284,0,0,0,0,0,0,0,19,0,0,0,22,0,0,0,0,0,0,0,3,15,0,0,0,0,2,0,0,0,0,2,0,0,9,0,0,0,0,0,0,16,18,0,0,9,0,0,0
015-D0,0,2,0,33,0,0,0,0,63,6,0,0,0,0,0,0,0,0,0,0,0,61,0,0,0,0,0,0,0,0,0,0,0,0,0,5,0,0,0,12,0,0,1,0,0,0,0,0,0,1,0,0,0,0,0,0,0
017-D0,0,1,0,25,0,0,0,2,34,16,0,0,0,0,0,0,4,1,0,0,1,65,0,0,0,0,1,0,0,0,0,0,0,0,2,0,0,0,1,16,0,0,0,0,0,0,0,0,13,0,0,0,0,0,0,0,0
018-D0,0,0,0,0,0,0,0,0,178,0,0,0,0,0,0,0,0,0,0,0,0,0,0,0,0,0,0,0,0,0,0,0,0,0,0,0,0,0,0,0,0,0,0,0,0,0,0,0,0,0,1,0,0,0,0,0,0
020-D0,0,0,0,6,0,0,0,0,137,1,0,0,0,0,0,0,0,0,0,0,0,0,2,0,0,0,0,0,0,0,0,0,0,0,2,35,0,0,0,0,0,0,2,0,0,0,0,0,0,0,0,2,0,0,0,0,0
021-D0,0,0,4,14,4,0,0,0,1,0,0,0,0,0,1,0,0,0,0,0,0,0,0,0,2,0,0,0,0,0,0,0,0,0,0,0,0,0,0,1,0,0,1,0,0,0,1,0,0,7,0,0,0,0,0,0,0
027-D0,0,0,0,5,0,0,0,1,232,0,0,0,0,0,0,0,0,0,0,0,0,1,0,0,0,0,0,0,0,0,0,0,0,0,1,0,0,0,0,19,0,0,0,0,0,0,1,0,0,0,0,0,0,0,0,0,0
036-D0,0,3,0,0,0,0,8,0,60,0,0,0,0,0,1,0,0,0,0,0,0,7,0,0,0,0,0,0,0,0,0,0,0,0,5,3,0,0,0,36,0,0,0,0,0,0,0,0,0,13,1,0,0,0,0,0,0
057-D0,0,1,0,0,0,0,0,0,87,0,0,0,0,0,0,0,0,0,0,0,0,0,0,0,0,0,0,0,0,0,0,0,0,0,2,5,0,0,0,16,0,0,0,0,0,0,0,0,3,0,3,0,0,1,0,0,0
058-D0,0,2,4,0,0,0,0,0,35,0,0,0,0,8,0,0,0,1,0,0,0,67,0,0,0,0,0,0,0,0,0,0,0,0,0,0,0,0,2,0,0,0,0,0,0,0,0,0,0,1,2,0,0,0,0,0,0
060-D0,0,1,0,109,0,0,0,0,73,1,0,0,0,0,0,0,0,1,0,0,11,27,0,0,0,0,0,0,0,0,0,0,0,0,8,0,0,0,0,39,0,0,0,0,0,0,0,0,2,5,0,0,0,0,0,0,0
065-D0,0,0,2,180,0,0,0,0,71,0,0,0,0,0,0,0,0,0,0,0,0,7,0,0,0,0,0,0,0,0,0,0,0,0,0,0,0,0,6,9,0,0,0,0,0,0,0,0,0,9,0,0,0,0,0,0,0
066-D0,0,0,0,242,0,0,0,0,19,0,0,0,0,0,0,0,0,0,0,0,0,14,0,0,0,0,0,0,0,0,0,0,0,0,0,0,0,0,16,6,0,0,0,0,0,0,0,0,0,16,0,0,0,4,0,0,0
072-D0,0,0,0,7,1,0,0,2,31,1,0,0,0,0,0,0,22,1,0,0,2,0,0,0,1,0,1,0,0,0,0,0,0,0,5,0,0,0,0,19,0,0,0,0,0,0,0,0,0,10,4,3,0,5,0,0,0
122-D0,0,8,0,19,0,0,0,0,101,10,0,0,0,0,0,0,2,0,0,0,0,53,0,0,0,0,0,0,0,0,0,0,0,0,6,2,0,0,4,0,0,0,2,0,0,0,0,0,0,0,1,0,0,0,0,0,1
126-D0,0,0,0,1,0,0,0,0,24,0,0,0,0,0,0,0,0,0,0,0,0,2,0,0,0,0,0,0,0,0,0,0,0,0,0,0,0,0,0,7,0,0,0,0,0,0,0,0,0,2,0,0,0,1,0,0,0
127-D0,0,0,0,7,0,0,0,0,47,0,0,0,0,0,0,0,0,0,0,0,0,22,0,0,0,0,0,0,0,0,0,0,0,0,0,5,0,0,4,45,0,0,0,0,0,0,0,0,0,15,0,0,0,0,0,0,0
128-D0,0,0,0,0,0,0,0,1,11,0,0,0,0,0,1,0,0,0,0,0,0,0,0,0,0,0,0,0,0,0,0,0,0,0,0,0,0,0,0,1,0,0,0,0,0,0,0,0,1,0,0,0,0,0,0,0,0
129-D0,0,0,0,2,0,0,1,0,87,0,0,0,0,0,0,0,1,0,0,0,0,0,0,0,0,0,0,0,0,2,0,0,0,0,0,3,0,0,7,3,0,0,0,0,0,0,0,0,0,0,5,0,0,0,0,0,0
130-D0,0,1,0,2,2,0,0,0,175,0,0,0,0,0,3,0,0,0,0,0,0,0,0,0,0,0,0,0,0,0,0,0,0,0,0,11,3,0,0,16,0,0,0,0,0,0,0,0,0,20,8,0,0,0,0,0,20
135-D0,0,0,0,12,0,0,0,2,71,11,0,0,0,0,0,0,1,4,0,0,0,1,0,0,0,0,0,0,0,0,0,0,0,3,2,11,0,0,0,0,0,0,0,0,0,0,1,1,2,1,9,0,0,0,0,0,0
142-D0,0,0,0,13,0,0,0,0,145,0,0,0,0,0,0,0,0,0,0,0,0,8,0,0,0,0,0,0,0,0,0,0,0,0,1,0,0,0,0,1,0,0,0,0,0,0,0,0,0,20,0,0,0,4,0,0,0
143-D0,0,0,0,0,0,0,0,0,36,0,0,0,0,0,0,0,0,0,0,0,0,0,0,0,0,0,0,0,0,0,0,0,0,0,0,0,0,0,0,3,0,0,0,0,0,0,0,0,0,0,0,0,0,1,0,0,0
150-D0,0,0,0,294,0,0,0,0,288,0,0,0,0,0,0,0,9,0,0,0,3,81,0,0,0,0,0,0,0,0,0,0,0,0,0,0,0,0,0,6,0,0,0,0,0,0,0,0,0,234,6,0,0,0,0,0,0
155-D0,0,80,0,72,0,0,0,0,190,24,0,0,12,0,0,0,10,0,0,0,0,156,0,0,0,0,0,0,0,0,0,0,0,0,0,0,0,0,0,88,0,0,0,0,0,0,0,0,10,0,44,0,0,0,0,16,0
162-D0,0,0,0,110,0,0,14,0,24,0,0,0,0,0,0,0,0,0,0,0,0,6,0,0,0,0,0,0,0,0,0,0,0,0,0,0,0,2,0,204,0,0,0,0,2,0,0,0,0,152,0,0,0,0,0,0,0
163-D0,0,18,39,39,0,0,0,0,375,15,0,0,0,0,0,0,6,0,0,0,0,132,0,0,0,0,0,0,0,3,0,0,0,0,12,0,0,0,0,189,0,0,0,0,0,0,0,0,15,78,3,0,0,3,0,0,0
169-D0,0,0,0,110,1,0,12,0,325,0,0,0,0,0,2,0,2,2,0,0,0,5,0,0,0,0,0,0,0,5,0,0,0,0,13,46,0,0,0,30,0,0,0,0,0,0,0,1,0,38,23,0,0,8,0,0,0
171-D0,0,0,0,6350,0,0,125,0,1000,0,0,0,0,0,0,0,0,0,0,0,0,100,0,0,0,0,0,0,0,0,0,0,0,0,0,125,0,0,0,100,0,0,0,0,0,0,0,0,0,1025,0,0,0,0,0,0,0
173-D0,0,0,0,48,4,0,0,4,223,144,0,0,0,0,0,0,0,75,0,0,0,23,0,0,0,0,0,0,23,4,0,0,0,0,0,73,0,0,0,10,0,0,0,0,0,0,0,6,4,4,12,0,0,2,0,0,4
174-D0,0,0,0,4,0,0,0,0,396,0,0,0,0,0,0,0,0,0,0,0,0,6,0,0,0,0,0,0,0,2,0,0,0,0,0,176,0,0,0,0,0,0,8,0,0,0,0,4,0,10,0,0,0,4,0,0,0
175-D0,0,0,0,5,0,0,2,0,545,0,0,0,0,0,0,0,0,0,0,0,0,2,0,0,0,0,0,0,0,0,0,0,0,0,0,0,0,0,0,0,0,0,0,0,0,0,0,0,0,221,0,0,5,0,0,0,0
181-D0,0,0,0,0,0,0,0,0,86,0,0,0,0,0,0,0,0,0,0,0,0,0,0,0,0,0,0,0,0,0,0,0,0,0,0,0,0,1,0,211,0,0,0,0,0,0,0,0,0,0,0,0,0,10,0,0,0
188-D0,0,31,0,1,0,0,0,0,17,4,0,0,0,0,0,0,0,0,0,0,0,1,0,0,0,0,0,0,0,0,0,0,0,0,0,0,0,0,0,63,0,0,0,0,0,0,0,2,6,0,0,0,0,1,0,0,0
189-D0,0,0,0,3,0,0,4,0,46,7,0,0,0,0,0,0,2,20,0,0,0,92,0,0,0,0,9,0,0,0,1,0,0,0,0,0,0,0,0,42,0,0,2,0,0,0,0,2,27,15,0,0,0,0,0,7,0
197-D0,0,0,0,40,0,0,0,0,460,0,0,0,0,0,0,0,15,12,0,0,0,6,0,0,0,0,0,0,0,0,0,0,0,0,0,23,0,0,29,0,0,0,4,0,0,0,0,2,0,48,35,0,0,4,0,0,0
207-D0,0,0,0,0,0,0,0,0,5,0,0,0,0,0,0,0,0,0,0,0,0,0,0,0,0,0,0,0,0,0,0,0,0,0,0,0,0,0,3,0,0,0,0,0,0,0,0,0,0,0,0,0,0,0,0,0,0
256-D0,0,0,0,78,0,0,2,0,171,2,0,0,0,0,0,0,1,0,0,0,0,2,0,0,0,0,0,0,0,0,0,0,0,0,0,0,0,0,9,6,0,0,3,0,0,0,0,0,0,7,1,0,0,0,0,0,0
263-D0,0,0,0,2,0,0,0,0,580,0,0,0,0,0,0,0,0,0,0,0,0,0,0,0,0,0,0,0,0,0,0,0,0,0,0,0,0,4,0,38,0,0,0,0,0,0,0,0,0,0,0,0,0,2,0,0,0
264-D0,0,0,0,0,0,0,2,0,56,1,1,0,0,0,0,0,0,0,0,0,0,0,0,0,0,0,0,0,0,0,0,0,0,0,0,0,0,0,0,4,0,0,0,0,0,0,0,0,0,0,0,0,0,1,0,0,0
274-D0,0,5,0,647,0,0,21,0,42,0,0,0,0,0,0,0,0,0,0,0,0,0,0,0,0,0,0,0,0,11,0,0,0,0,11,0,0,0,5,674,0,0,0,0,0,0,0,0,0,137,21,0,0,11,0,0,0
015-D1,0,2,0,33,0,0,0,0,63,5,0,0,0,0,0,0,0,0,0,0,0,61,0,0,0,0,0,0,0,0,0,0,0,0,0,9,0,0,0,9,0,0,1,0,0,0,0,0,0,1,0,0,0,0,0,0,0
017-D1,0,1,0,25,0,0,0,2,34,12,0,0,0,0,0,0,4,1,0,0,1,65,0,0,0,0,1,0,0,0,0,0,0,0,2,0,0,0,2,12,0,0,0,0,0,0,0,0,0,0,0,0,0,0,0,0,0
018-D1,0,0,0,0,0,0,0,0,178,0,0,0,0,0,0,0,0,0,0,0,0,0,0,0,0,0,0,0,0,0,0,0,0,0,0,0,0,0,0,0,0,0,0,0,0,0,0,0,0,0,2,0,0,0,0,0,0
020-D1,0,0,0,6,0,0,0,0,137,1,0,0,0,0,0,0,0,0,0,0,0,0,4,0,0,0,0,0,0,0,0,0,0,0,2,61,0,0,0,0,0,0,2,0,0,0,0,0,0,0,0,4,0,0,0,0,0
021-D1,0,0,3,14,3,0,0,0,1,0,0,0,0,0,1,0,0,0,0,0,0,0,0,0,4,0,0,0,0,0,0,0,0,0,0,0,0,0,0,1,0,0,1,0,0,0,2,0,0,7,0,0,0,0,0,0,0
027-D1,0,0,0,5,0,0,0,1,232,0,0,0,0,0,0,0,0,0,0,0,0,1,0,0,0,0,0,0,0,0,0,0,0,0,1,0,0,0,0,14,0,0,0,0,0,0,2,0,0,0,0,0,0,0,0,0,0
036-D1,0,2,0,0,0,0,6,0,60,0,0,0,0,0,1,0,0,0,0,0,0,7,0,0,0,0,0,0,0,0,0,0,0,0,5,5,0,0,0,27,0,0,0,0,0,0,0,0,0,13,2,0,0,0,0,0,0
057-D1,0,1,0,0,0,0,0,0,87,0,0,0,0,0,0,0,0,0,0,0,0,0,0,0,0,0,0,0,0,0,0,0,0,0,2,9,0,0,0,12,0,0,0,0,0,0,0,0,0,0,5,0,0,1,0,0,0
058-D1,0,2,3,0,0,0,0,0,35,0,0,0,0,6,0,0,0,1,0,0,0,67,0,0,0,0,0,0,0,0,0,0,0,0,0,0,0,0,4,0,0,0,0,0,0,0,0,0,0,1,4,0,0,0,0,0,0
060-D1,0,1,0,109,0,0,0,0,73,1,0,0,0,0,0,0,0,1,0,0,8,27,0,0,0,0,0,0,0,0,0,0,0,0,8,0,0,0,0,29,0,0,0,0,0,0,0,0,0,5,0,0,0,0,0,0,0
065-D1,0,0,2,180,0,0,0,0,71,0,0,0,0,0,0,0,0,0,0,0,0,7,0,0,0,0,0,0,0,0,0,0,0,0,0,0,0,0,11,7,0,0,0,0,0,0,0,0,0,9,0,0,0,0,0,0,0
066-D1,0,0,0,242,0,0,0,0,19,0,0,0,0,0,0,0,0,0,0,0,0,14,0,0,0,0,0,0,0,0,0,0,0,0,0,0,0,0,28,5,0,0,0,0,0,0,0,0,0,16,0,0,0,4,0,0,0
072-D1,0,0,0,7,1,0,0,2,31,1,0,0,0,0,0,0,22,1,0,0,2,0,0,0,2,0,1,0,0,0,0,0,0,0,5,0,0,0,0,14,0,0,0,0,0,0,0,0,0,10,7,5,0,5,0,0,0
122-D1,0,6,0,19,0,0,0,0,101,8,0,0,0,0,0,0,2,0,0,0,0,53,0,0,0,0,0,0,0,0,0,0,0,0,6,4,0,0,7,0,0,0,2,0,0,0,0,0,0,0,2,0,0,0,0,0,2
126-D1,0,0,0,1,0,0,0,0,24,0,0,0,0,0,0,0,0,0,0,0,0,2,0,0,0,0,0,0,0,0,0,0,0,0,0,0,0,0,0,5,0,0,0,0,0,0,0,0,0,2,0,0,0,1,0,0,0
127-D1,0,0,0,7,0,0,0,0,47,0,0,0,0,0,0,0,0,0,0,0,0,22,0,0,0,0,0,0,0,0,0,0,0,0,0,9,0,0,7,34,0,0,0,0,0,0,0,0,0,15,0,0,0,0,0,0,0
128-D1,0,0,0,0,0,0,0,1,11,0,0,0,0,0,1,0,0,0,0,0,0,0,0,0,0,0,0,0,0,0,0,0,0,0,0,0,0,0,0,1,0,0,0,0,0,0,0,0,0,0,0,0,0,0,0,0,0
129-D1,0,0,0,2,0,0,1,0,87,0,0,0,0,0,0,0,1,0,0,0,0,0,0,0,0,0,0,0,0,4,0,0,0,0,0,5,0,0,12,2,0,0,0,0,0,0,0,0,0,0,9,0,0,0,0,0,0
130-D1,0,1,0,2,2,0,0,0,175,0,0,0,0,0,3,0,0,0,0,0,0,0,0,0,0,0,0,0,0,0,0,0,0,0,0,19,3,0,0,12,0,0,0,0,0,0,0,0,0,20,14,0,0,0,0,0,35
135-D1,0,0,0,12,0,0,0,2,71,8,0,0,0,0,0,0,1,3,0,0,0,1,0,0,0,0,0,0,0,0,0,0,0,2,2,19,0,0,0,0,0,0,0,0,0,0,2,2,0,1,16,0,0,0,0,0,0
142-D1,0,0,0,13,0,0,0,0,145,0,0,0,0,0,0,0,0,0,0,0,0,8,0,0,0,0,0,0,0,0,0,0,0,0,1,0,0,0,0,1,0,0,0,0,0,0,0,0,0,20,0,0,0,4,0,0,0
143-D1,0,0,0,0,0,0,0,0,36,0,0,0,0,0,0,0,0,0,0,0,0,0,0,0,0,0,0,0,0,0,0,0,0,0,0,0,0,0,0,2,0,0,0,0,0,0,0,0,0,0,0,0,0,1,0,0,0
150-D1,0,0,0,294,0,0,0,0,288,0,0,0,0,0,0,0,9,0,0,0,2,81,0,0,0,0,0,0,0,0,0,0,0,0,0,0,0,0,0,5,0,0,0,0,0,0,0,0,0,234,11,0,0,0,0,0,0
155-D1,0,60,0,72,0,0,0,0,190,18,0,0,9,0,0,0,10,0,0,0,0,156,0,0,0,0,0,0,0,0,0,0,0,0,0,0,0,0,0,66,0,0,0,0,0,0,0,0,0,0,77,0,0,0,0,0,0
162-D1,0,0,0,110,0,0,11,0,24,0,0,0,0,0,0,0,0,0,0,0,0,6,0,0,0,0,0,0,0,0,0,0,0,0,0,0,0,2,0,153,0,0,0,0,4,0,0,0,0,152,0,0,0,0,0,0,0
163-D1,0,14,29,39,0,0,0,0,375,11,0,0,0,0,0,0,6,0,0,0,0,132,0,0,0,0,0,0,0,5,0,0,0,0,12,0,0,0,0,142,0,0,0,0,0,0,0,0,0,78,5,0,0,3,0,0,0
169-D1,0,0,0,110,1,0,9,0,325,0,0,0,0,0,2,0,2,2,0,0,0,5,0,0,0,0,0,0,0,9,0,0,0,0,13,81,0,0,0,23,0,0,0,0,0,0,0,2,0,38,40,0,0,8,0,0,0
171-D1,0,0,0,6350,0,0,94,0,1000,0,0,0,0,0,0,0,0,0,0,0,0,100,0,0,0,0,0,0,0,0,0,0,0,0,0,219,0,0,0,75,0,0,0,0,0,0,0,0,0,1025,0,0,0,0,0,0,0
173-D1,0,0,0,48,3,0,0,4,223,108,0,0,0,0,0,0,0,56,0,0,0,23,0,0,0,0,0,0,40,7,0,0,0,0,0,128,0,0,0,8,0,0,0,0,0,0,0,11,0,4,22,0,0,2,0,0,7
174-D1,0,0,0,4,0,0,0,0,396,0,0,0,0,0,0,0,0,0,0,0,0,6,0,0,0,0,0,0,0,4,0,0,0,0,0,308,0,0,0,0,0,0,6,0,0,0,0,7,0,10,0,0,0,4,0,0,0
175-D1,0,0,0,5,0,0,2,0,545,0,0,0,0,0,0,0,0,0,0,0,0,2,0,0,0,0,0,0,0,0,0,0,0,0,0,0,0,0,0,0,0,0,0,0,0,0,0,0,0,221,0,0,4,0,0,0,0
181-D1,0,0,0,0,0,0,0,0,86,0,0,0,0,0,0,0,0,0,0,0,0,0,0,0,0,0,0,0,0,0,0,0,0,0,0,0,0,1,0,158,0,0,0,0,0,0,0,0,0,0,0,0,0,10,0,0,0
188-D1,0,23,0,1,0,0,0,0,17,3,0,0,0,0,0,0,0,0,0,0,0,1,0,0,0,0,0,0,0,0,0,0,0,0,0,0,0,0,0,47,0,0,0,0,0,0,0,4,0,0,0,0,0,1,0,0,0
189-D1,0,0,0,3,0,0,3,0,46,5,0,0,0,0,0,0,2,15,0,0,0,92,0,0,0,0,9,0,0,0,1,0,0,0,0,0,0,0,0,32,0,0,2,0,0,0,0,4,0,15,0,0,0,0,0,0,0
197-D1,0,0,0,40,0,0,0,0,460,0,0,0,0,0,0,0,15,9,0,0,0,6,0,0,0,0,0,0,0,0,0,0,0,0,0,40,0,0,51,0,0,0,3,0,0,0,0,4,0,48,62,0,0,4,0,0,0
207-D1,0,0,0,0,0,0,0,0,5,0,0,0,0,0,0,0,0,0,0,0,0,0,0,0,0,0,0,0,0,0,0,0,0,0,0,0,0,0,5,0,0,0,0,0,0,0,0,0,0,0,0,0,0,0,0,0,0
256-D1,0,0,0,78,0,0,2,0,171,2,0,0,0,0,0,0,1,0,0,0,0,2,0,0,0,0,0,0,0,0,0,0,0,0,0,0,0,0,16,5,0,0,2,0,0,0,0,0,0,7,2,0,0,0,0,0,0
263-D1,0,0,0,2,0,0,0,0,580,0,0,0,0,0,0,0,0,0,0,0,0,0,0,0,0,0,0,0,0,0,0,0,0,0,0,0,0,4,0,29,0,0,0,0,0,0,0,0,0,0,0,0,0,2,0,0,0
264-D1,0,0,0,0,0,0,2,0,56,1,2,0,0,0,0,0,0,0,0,0,0,0,0,0,0,0,0,0,0,0,0,0,0,0,0,0,0,0,0,3,0,0,0,0,0,0,0,0,0,0,0,0,0,1,0,0,0
274-D1,0,4,0,647,0,0,16,0,42,0,0,0,0,0,0,0,0,0,0,0,0,0,0,0,0,0,0,0,0,18,0,0,0,0,11,0,0,0,9,505,0,0,0,0,0,0,0,0,0,137,37,0,0,11,0,0,0
015-D2,0,0,0,0,0,0,0,0,32,0,0,0,0,0,0,0,0,0,0,0,0,0,0,0,0,0,0,0,0,0,0,0,0,0,0,4,0,0,0,3,0,0,0,0,0,0,0,0,0,1,0,0,0,0,0,0,0
017-D2,0,0,0,0,0,0,0,1,17,0,0,0,0,0,0,0,2,0,0,0,0,0,0,0,0,0,1,0,0,0,0,0,0,0,0,0,0,0,1,4,0,0,0,0,0,0,0,0,0,0,0,0,0,0,0,0,0
018-D2,0,0,0,0,0,0,0,0,89,0,0,0,0,0,0,0,0,0,0,0,0,0,0,0,0,0,0,0,0,0,0,0,0,0,0,0,0,0,0,0,0,0,0,0,0,0,0,0,0,0,1,0,0,0,0,0,0
020-D2,0,0,0,0,0,0,0,0,69,0,0,0,0,0,0,0,0,0,0,0,0,0,2,0,0,0,0,0,0,0,0,0,0,0,0,26,0,0,0,0,0,0,1,0,0,0,0,0,0,0,0,2,0,0,0,0,0
021-D2,0,0,0,0,0,0,0,0,1,0,0,0,0,0,1,0,0,0,0,0,0,0,0,0,2,0,0,0,0,0,0,0,0,0,0,0,0,0,0,0,0,0,0,0,0,0,0,0,0,4,0,0,0,0,0,0,0
027-D2,0,0,0,0,0,0,0,1,116,0,0,0,0,0,0,0,0,0,0,0,0,0,0,0,0,0,0,0,0,0,0,0,0,0,0,0,0,0,0,5,0,0,0,0,0,0,0,0,0,0,0,0,0,0,0,0,0
036-D2,0,0,0,0,0,0,0,0,30,0,0,0,0,0,1,0,0,0,0,0,0,0,0,0,0,0,0,0,0,0,0,0,0,0,0,2,0,0,0,9,0,0,0,0,0,0,0,0,0,7,1,0,0,0,0,0,0
057-D2,0,0,0,0,0,0,0,0,44,0,0,0,0,0,0,0,0,0,0,0,0,0,0,0,0,0,0,0,0,0,0,0,0,0,0,4,0,0,0,4,0,0,0,0,0,0,0,0,0,0,2,0,0,1,0,0,0
058-D2,0,0,0,0,0,0,0,0,18,0,0,0,0,2,0,0,0,0,0,0,0,0,0,0,0,0,0,0,0,0,0,0,0,0,0,0,0,0,2,0,0,0,0,0,0,0,0,0,0,1,2,0,0,0,0,0,0
060-D2,0,0,0,0,0,0,0,0,37,0,0,0,0,0,0,0,0,0,0,0,3,0,0,0,0,0,0,0,0,0,0,0,0,0,0,0,0,0,0,10,0,0,0,0,0,0,0,0,0,3,0,0,0,0,0,0,0
065-D2,0,0,0,0,0,0,0,0,36,0,0,0,0,0,0,0,0,0,0,0,0,0,0,0,0,0,0,0,0,0,0,0,0,0,0,0,0,0,5,2,0,0,0,0,0,0,0,0,0,5,0,0,0,0,0,0,0
066-D2,0,0,0,0,0,0,0,0,10,0,0,0,0,0,0,0,0,0,0,0,0,0,0,0,0,0,0,0,0,0,0,0,0,0,0,0,0,0,12,2,0,0,0,0,0,0,0,0,0,8,0,0,0,2,0,0,0
072-D2,0,0,0,0,0,0,0,1,16,0,0,0,0,0,0,0,11,0,0,0,1,0,0,0,1,0,1,0,0,0,0,0,0,0,0,0,0,0,0,5,0,0,0,0,0,0,0,0,0,5,3,2,0,3,0,0,0
122-D2,0,0,0,0,0,0,0,0,51,0,0,0,0,0,0,0,1,0,0,0,0,0,0,0,0,0,0,0,0,0,0,0,0,0,0,2,0,0,3,0,0,0,1,0,0,0,0,0,0,0,1,0,0,0,0,0,1
126-D2,0,0,0,0,0,0,0,0,12,0,0,0,0,0,0,0,0,0,0,0,0,0,0,0,0,0,0,0,0,0,0,0,0,0,0,0,0,0,0,2,0,0,0,0,0,0,0,0,0,1,0,0,0,1,0,0,0
127-D2,0,0,0,0,0,0,0,0,24,0,0,0,0,0,0,0,0,0,0,0,0,0,0,0,0,0,0,0,0,0,0,0,0,0,0,4,0,0,3,11,0,0,0,0,0,0,0,0,0,8,0,0,0,0,0,0,0
128-D2,0,0,0,0,0,0,0,1,6,0,0,0,0,0,1,0,0,0,0,0,0,0,0,0,0,0,0,0,0,0,0,0,0,0,0,0,0,0,0,0,0,0,0,0,0,0,0,0,0,0,0,0,0,0,0,0,0
129-D2,0,0,0,0,0,0,0,0,44,0,0,0,0,0,0,0,1,0,0,0,0,0,0,0,0,0,0,0,0,2,0,0,0,0,0,2,0,0,5,1,0,0,0,0,0,0,0,0,0,0,4,0,0,0,0,0,0
130-D2,0,0,0,0,0,0,0,0,88,0,0,0,0,0,2,0,0,0,0,0,0,0,0,0,0,0,0,0,0,0,0,0,0,0,0,8,2,0,0,4,0,0,0,0,0,0,0,0,0,10,6,0,0,0,0,0,15
135-D2,0,0,0,0,0,0,0,1,36,0,0,0,0,0,0,0,1,0,0,0,0,0,0,0,0,0,0,0,0,0,0,0,0,0,0,8,0,0,0,0,0,0,0,0,0,0,0,1,0,1,7,0,0,0,0,0,0
142-D2,0,0,0,0,0,0,0,0,73,0,0,0,0,0,0,0,0,0,0,0,0,0,0,0,0,0,0,0,0,0,0,0,0,0,0,0,0,0,0,0,0,0,0,0,0,0,0,0,0,10,0,0,0,2,0,0,0
143-D2,0,0,0,0,0,0,0,0,18,0,0,0,0,0,0,0,0,0,0,0,0,0,0,0,0,0,0,0,0,0,0,0,0,0,0,0,0,0,0,1,0,0,0,0,0,0,0,0,0,0,0,0,0,1,0,0,0
150-D2,0,0,0,0,0,0,0,0,144,0,0,0,0,0,0,0,5,0,0,0,1,0,0,0,0,0,0,0,0,0,0,0,0,0,0,0,0,0,0,2,0,0,0,0,0,0,0,0,0,117,5,0,0,0,0,0,0
155-D2,0,0,0,0,0,0,0,0,95,0,0,0,0,0,0,0,5,0,0,0,0,0,0,0,0,0,0,0,0,0,0,0,0,0,0,0,0,0,0,22,0,0,0,0,0,0,0,0,0,0,33,0,0,0,0,0,0
162-D2,0,0,0,0,0,0,0,0,12,0,0,0,0,0,0,0,0,0,0,0,0,0,0,0,0,0,0,0,0,0,0,0,0,0,0,0,0,1,0,51,0,0,0,0,2,0,0,0,0,76,0,0,0,0,0,0,0
163-D2,0,0,0,0,0,0,0,0,188,0,0,0,0,0,0,0,3,0,0,0,0,0,0,0,0,0,0,0,0,2,0,0,0,0,0,0,0,0,0,47,0,0,0,0,0,0,0,0,0,39,2,0,0,2,0,0,0
169-D2,0,0,0,0,0,0,0,0,163,0,0,0,0,0,1,0,1,0,0,0,0,0,0,0,0,0,0,0,0,4,0,0,0,0,0,35,0,0,0,8,0,0,0,0,0,0,0,1,0,19,17,0,0,4,0,0,0
171-D2,0,0,0,0,0,0,0,0,500,0,0,0,0,0,0,0,0,0,0,0,0,0,0,0,0,0,0,0,0,0,0,0,0,0,0,94,0,0,0,25,0,0,0,0,0,0,0,0,0,513,0,0,0,0,0,0,0
173-D2,0,0,0,0,0,0,0,2,111,0,0,0,0,0,0,0,0,0,0,0,0,0,0,0,0,0,0,0,17,3,0,0,0,0,0,55,0,0,0,3,0,0,0,0,0,0,0,5,0,2,9,0,0,1,0,0,3
174-D2,0,0,0,0,0,0,0,0,198,0,0,0,0,0,0,0,0,0,0,0,0,0,0,0,0,0,0,0,0,2,0,0,0,0,0,132,0,0,0,0,0,0,2,0,0,0,0,3,0,5,0,0,0,2,0,0,0
175-D2,0,0,0,0,0,0,0,0,273,0,0,0,0,0,0,0,0,0,0,0,0,0,0,0,0,0,0,0,0,0,0,0,0,0,0,0,0,0,0,0,0,0,0,0,0,0,0,0,0,111,0,0,1,0,0,0,0
181-D2,0,0,0,0,0,0,0,0,43,0,0,0,0,0,0,0,0,0,0,0,0,0,0,0,0,0,0,0,0,0,0,0,0,0,0,0,0,1,0,53,0,0,0,0,0,0,0,0,0,0,0,0,0,5,0,0,0
188-D2,0,0,0,0,0,0,0,0,9,0,0,0,0,0,0,0,0,0,0,0,0,0,0,0,0,0,0,0,0,0,0,0,0,0,0,0,0,0,0,16,0,0,0,0,0,0,0,2,0,0,0,0,0,1,0,0,0
189-D2,0,0,0,0,0,0,0,0,23,0,0,0,0,0,0,0,1,0,0,0,0,0,0,0,0,0,5,0,0,0,1,0,0,0,0,0,0,0,0,11,0,0,1,0,0,0,0,2,0,8,0,0,0,0,0,0,0
197-D2,0,0,0,0,0,0,0,0,230,0,0,0,0,0,0,0,7,0,0,0,0,0,0,0,0,0,0,0,0,0,0,0,0,0,0,17,0,0,22,0,0,0,1,0,0,0,0,2,0,24,27,0,0,2,0,0,0
207-D2,0,0,0,0,0,0,0,0,3,0,0,0,0,0,0,0,0,0,0,0,0,0,0,0,0,0,0,0,0,0,0,0,0,0,0,0,0,0,2,0,0,0,0,0,0,0,0,0,0,0,0,0,0,0,0,0,0
256-D2,0,0,0,0,0,0,0,0,86,0,0,0,0,0,0,0,1,0,0,0,0,0,0,0,0,0,0,0,0,0,0,0,0,0,0,0,0,0,7,2,0,0,1,0,0,0,0,0,0,4,1,0,0,0,0,0,0
263-D2,0,0,0,0,0,0,0,0,290,0,0,0,0,0,0,0,0,0,0,0,0,0,0,0,0,0,0,0,0,0,0,0,0,0,0,0,0,2,0,10,0,0,0,0,0,0,0,0,0,0,0,0,0,1,0,0,0
264-D2,0,0,0,0,0,0,0,0,28,0,1,0,0,0,0,0,0,0,0,0,0,0,0,0,0,0,0,0,0,0,0,0,0,0,0,0,0,0,0,1,0,0,0,0,0,0,0,0,0,0,0,0,0,1,0,0,0
274-D2,0,0,0,0,0,0,0,0,21,0,0,0,0,0,0,0,0,0,0,0,0,0,0,0,0,0,0,0,0,8,0,0,0,0,0,0,0,0,4,168,0,0,0,0,0,0,0,0,0,68,16,0,0,5,0,0,0
015-D3,0,0,0,8,0,0,0,0,16,0,0,0,0,0,0,0,0,0,0,0,0,0,0,0,0,0,0,0,0,0,0,0,0,0,0,3,0,0,0,0,0,0,0,0,0,0,0,0,0,0,0,0,0,0,0,0,0
017-D3,0,0,0,6,0,0,0,1,9,0,0,0,0,0,0,0,1,0,0,0,0,0,0,0,0,0,0,0,0,0,0,0,0,0,0,0,0,0,1,0,0,0,0,0,0,0,0,0,0,0,0,0,0,0,0,0,0
018-D3,0,0,0,0,0,0,0,0,45,0,0,0,0,0,0,0,0,0,0,0,0,0,0,0,0,0,0,0,0,0,0,0,0,0,0,0,0,0,0,0,0,0,0,0,0,0,0,0,0,0,1,0,0,0,0,0,0
020-D3,0,0,0,2,0,0,0,0,34,0,0,0,0,0,0,0,0,0,0,0,0,0,1,0,0,0,0,0,0,0,0,0,0,0,0,18,0,0,0,0,0,0,0,0,0,0,0,0,0,0,0,0,0,0,0,0,0
021-D3,0,0,0,4,0,0,0,0,0,0,0,0,0,0,0,0,0,0,0,0,0,0,0,0,1,0,0,0,0,0,0,0,0,0,0,0,0,0,0,0,0,0,0,0,0,0,1,0,0,2,0,0,0,0,0,0,0
027-D3,0,0,0,1,0,0,0,0,58,0,0,0,0,0,0,0,0,0,0,0,0,0,0,0,0,0,0,0,0,0,0,0,0,0,0,0,0,0,0,0,0,0,0,0,0,0,1,0,0,0,0,0,0,0,0,0,0
036-D3,0,0,0,0,0,0,0,0,15,0,0,0,0,0,0,0,0,0,0,0,0,0,0,0,0,0,0,0,0,0,0,0,0,0,0,2,0,0,0,0,0,0,0,0,0,0,0,0,0,3,1,0,0,0,0,0,0
057-D3,0,0,0,0,0,0,0,0,22,0,0,0,0,0,0,0,0,0,0,0,0,0,0,0,0,0,0,0,0,0,0,0,0,0,0,3,0,0,0,0,0,0,0,0,0,0,0,0,0,0,2,0,0,0,0,0,0
058-D3,0,0,0,0,0,0,0,0,9,0,0,0,0,0,0,0,0,0,0,0,0,0,0,0,0,0,0,0,0,0,0,0,0,0,0,0,0,0,1,0,0,0,0,0,0,0,0,0,0,0,1,0,0,0,0,0,0
060-D3,0,0,0,27,0,0,0,0,18,0,0,0,0,0,0,0,0,0,0,0,0,0,0,0,0,0,0,0,0,0,0,0,0,0,0,0,0,0,0,0,0,0,0,0,0,0,0,0,0,1,0,0,0,0,0,0,0
065-D3,0,0,0,45,0,0,0,0,18,0,0,0,0,0,0,0,0,0,0,0,0,0,0,0,0,0,0,0,0,0,0,0,0,0,0,0,0,0,3,0,0,0,0,0,0,0,0,0,0,2,0,0,0,0,0,0,0
066-D3,0,0,0,61,0,0,0,0,5,0,0,0,0,0,0,0,0,0,0,0,0,0,0,0,0,0,0,0,0,0,0,0,0,0,0,0,0,0,8,0,0,0,0,0,0,0,0,0,0,4,0,0,0,0,0,0,0
072-D3,0,0,0,2,0,0,0,1,8,0,0,0,0,0,0,0,6,0,0,0,0,0,0,0,1,0,0,0,0,0,0,0,0,0,0,0,0,0,0,0,0,0,0,0,0,0,0,0,0,3,2,0,0,0,0,0,0
122-D3,0,0,0,5,0,0,0,0,25,0,0,0,0,0,0,0,1,0,0,0,0,0,0,0,0,0,0,0,0,0,0,0,0,0,0,1,0,0,2,0,0,0,0,0,0,0,0,0,0,0,1,0,0,0,0,0,0
126-D3,0,0,0,0,0,0,0,0,6,0,0,0,0,0,0,0,0,0,0,0,0,0,0,0,0,0,0,0,0,0,0,0,0,0,0,0,0,0,0,0,0,0,0,0,0,0,0,0,0,1,0,0,0,0,0,0,0
127-D3,0,0,0,2,0,0,0,0,12,0,0,0,0,0,0,0,0,0,0,0,0,0,0,0,0,0,0,0,0,0,0,0,0,0,0,3,0,0,2,0,0,0,0,0,0,0,0,0,0,4,0,0,0,0,0,0,0
128-D3,0,0,0,0,0,0,0,0,3,0,0,0,0,0,0,0,0,0,0,0,0,0,0,0,0,0,0,0,0,0,0,0,0,0,0,0,0,0,0,0,0,0,0,0,0,0,0,0,0,0,0,0,0,0,0,0,0
129-D3,0,0,0,1,0,0,0,0,22,0,0,0,0,0,0,0,0,0,0,0,0,0,0,0,0,0,0,0,0,1,0,0,0,0,0,2,0,0,4,0,0,0,0,0,0,0,0,0,0,0,3,0,0,0,0,0,0
130-D3,0,0,0,1,0,0,0,0,44,0,0,0,0,0,1,0,0,0,0,0,0,0,0,0,0,0,0,0,0,0,0,0,0,0,0,6,1,0,0,0,0,0,0,0,0,0,0,0,0,5,4,0,0,0,0,0,0
135-D3,0,0,0,3,0,0,0,1,18,0,0,0,0,0,0,0,0,0,0,0,0,0,0,0,0,0,0,0,0,0,0,0,0,0,0,6,0,0,0,0,0,0,0,0,0,0,1,1,0,0,5,0,0,0,0,0,0
142-D3,0,0,0,3,0,0,0,0,36,0,0,0,0,0,0,0,0,0,0,0,0,0,0,0,0,0,0,0,0,0,0,0,0,0,0,0,0,0,0,0,0,0,0,0,0,0,0,0,0,5,0,0,0,0,0,0,0
143-D3,0,0,0,0,0,0,0,0,9,0,0,0,0,0,0,0,0,0,0,0,0,0,0,0,0,0,0,0,0,0,0,0,0,0,0,0,0,0,0,0,0,0,0,0,0,0,0,0,0,0,0,0,0,0,0,0,0
150-D3,0,0,0,74,0,0,0,0,72,0,0,0,0,0,0,0,2,0,0,0,0,0,0,0,0,0,0,0,0,0,0,0,0,0,0,0,0,0,0,0,0,0,0,0,0,0,0,0,0,59,3,0,0,0,0,0,0
155-D3,0,0,0,18,0,0,0,0,48,0,0,0,0,0,0,0,3,0,0,0,0,0,0,0,0,0,0,0,0,0,0,0,0,0,0,0,0,0,0,0,0,0,0,0,0,0,0,0,0,0,22,0,0,0,0,0,0
162-D3,0,0,0,28,0,0,0,0,6,0,0,0,0,0,0,0,0,0,0,0,0,0,0,0,0,0,0,0,0,0,0,0,0,0,0,0,0,1,0,0,0,0,0,0,1,0,0,0,0,38,0,0,0,0,0,0,0
163-D3,0,0,0,10,0,0,0,0,94,0,0,0,0,0,0,0,2,0,0,0,0,0,0,0,0,0,0,0,0,2,0,0,0,0,0,0,0,0,0,0,0,0,0,0,0,0,0,0,0,20,2,0,0,0,0,0,0
169-D3,0,0,0,28,0,0,0,0,81,0,0,0,0,0,1,0,1,0,0,0,0,0,0,0,0,0,0,0,0,3,0,0,0,0,0,23,0,0,0,0,0,0,0,0,0,0,0,1,0,10,12,0,0,0,0,0,0
171-D3,0,0,0,1588,0,0,0,0,250,0,0,0,0,0,0,0,0,0,0,0,0,0,0,0,0,0,0,0,0,0,0,0,0,0,0,63,0,0,0,0,0,0,0,0,0,0,0,0,0,256,0,0,0,0,0,0,0
173-D3,0,0,0,12,0,0,0,1,56,0,0,0,0,0,0,0,0,0,0,0,0,0,0,0,0,0,0,0,0,2,0,0,0,0,0,36,0,0,0,0,0,0,0,0,0,0,0,3,0,1,6,0,0,0,0,0,0
174-D3,0,0,0,1,0,0,0,0,99,0,0,0,0,0,0,0,0,0,0,0,0,0,0,0,0,0,0,0,0,1,0,0,0,0,0,88,0,0,0,0,0,0,0,0,0,0,0,2,0,3,0,0,0,0,0,0,0
175-D3,0,0,0,1,0,0,0,0,136,0,0,0,0,0,0,0,0,0,0,0,0,0,0,0,0,0,0,0,0,0,0,0,0,0,0,0,0,0,0,0,0,0,0,0,0,0,0,0,0,55,0,0,0,0,0,0,0
181-D3,0,0,0,0,0,0,0,0,22,0,0,0,0,0,0,0,0,0,0,0,0,0,0,0,0,0,0,0,0,0,0,0,0,0,0,0,0,0,0,0,0,0,0,0,0,0,0,0,0,0,0,0,0,0,0,0,0
188-D3,0,0,0,0,0,0,0,0,4,0,0,0,0,0,0,0,0,0,0,0,0,0,0,0,0,0,0,0,0,0,0,0,0,0,0,0,0,0,0,0,0,0,0,0,0,0,0,1,0,0,0,0,0,0,0,0,0
189-D3,0,0,0,1,0,0,0,0,12,0,0,0,0,0,0,0,1,0,0,0,0,0,0,0,0,0,0,0,0,0,0,0,0,0,0,0,0,0,0,0,0,0,0,0,0,0,0,1,0,4,0,0,0,0,0,0,0
197-D3,0,0,0,10,0,0,0,0,115,0,0,0,0,0,0,0,4,0,0,0,0,0,0,0,0,0,0,0,0,0,0,0,0,0,0,11,0,0,15,0,0,0,0,0,0,0,0,1,0,12,18,0,0,0,0,0,0
207-D3,0,0,0,0,0,0,0,0,1,0,0,0,0,0,0,0,0,0,0,0,0,0,0,0,0,0,0,0,0,0,0,0,0,0,0,0,0,0,2,0,0,0,0,0,0,0,0,0,0,0,0,0,0,0,0,0,0
256-D3,0,0,0,20,0,0,0,0,43,0,0,0,0,0,0,0,0,0,0,0,0,0,0,0,0,0,0,0,0,0,0,0,0,0,0,0,0,0,5,0,0,0,0,0,0,0,0,0,0,2,1,0,0,0,0,0,0
263-D3,0,0,0,1,0,0,0,0,145,0,0,0,0,0,0,0,0,0,0,0,0,0,0,0,0,0,0,0,0,0,0,0,0,0,0,0,0,1,0,0,0,0,0,0,0,0,0,0,0,0,0,0,0,0,0,0,0
264-D3,0,0,0,0,0,0,0,0,14,0,1,0,0,0,0,0,0,0,0,0,0,0,0,0,0,0,0,0,0,0,0,0,0,0,0,0,0,0,0,0,0,0,0,0,0,0,0,0,0,0,0,0,0,0,0,0,0
274-D3,0,0,0,162,0,0,0,0,11,0,0,0,0,0,0,0,0,0,0,0,0,0,0,0,0,0,0,0,0,5,0,0,0,0,0,0,0,0,3,0,0,0,0,0,0,0,0,0,0,34,11,0,0,0,0,0,0
