,,Hydrozoa,Nemata,Oligochaeta,Turbellaria,Coleoptera,Coleoptera,Coleoptera,Coleoptera,Coleoptera,Coleoptera,Coleoptera,Coleoptera,Coleoptera,Coleoptera,Coleoptera,Coleoptera,Diptera,Diptera,Diptera,Diptera,Diptera,Diptera,Diptera,Diptera,Diptera,Diptera,Diptera,Diptera,Diptera,Diptera,Diptera,Diptera,Ephemeroptera,Ephemeroptera,Ephemeroptera,Ephemeroptera,Ephemeroptera,Ephemeroptera,Ephemeroptera,Ephemeroptera,Ephemeroptera,Plecoptera,Plecoptera,Plecoptera,Plecoptera,Plecoptera,Plecoptera,Plecoptera,Plecoptera,Trichoptera,Trichoptera,Trichoptera,Trichoptera,Trichoptera,Trichoptera,Trichoptera,Trichoptera,Trichoptera,Trichoptera,Trichoptera,Trichoptera,Trichoptera,Trichoptera,Trichoptera,Trichoptera,Megaloptera,Megaloptera,Odonata,Odonata,Odonata,Odonata,Odonata,Odonata,Odonata,Odonata,Hirudinea,Hirudinea,Hirudinea,Amphipoda,Amphipoda,Amphipoda,Amphipoda,Heteroptera,Heteroptera,Heteroptera,Heteroptera,Heteroptera,Heteroptera,Heteroptera,Gastropoda,Gastropoda,Gastropoda,Gastropoda,Gastropoda,Gastropoda,Arachnida,Isopoda,Bivalvia
,,Hydrozoa,Nemata,Oligochaeta,Turbellaria,Chrysomelidae,Circulionidae,Dryopidae,Dytiscidae,Elmidae,Gyrinidae,Haliplidae,Hydraenidae,Hydrophilidae,Noteridae,Psephenidae,Scirtidae,Athericidae,Ceratopogonidae,Chaboridae,Chironomidae,Culicidae,Dixidae,Dolichopodidae,Empididae,Ephydridae,Psychodidae,Ptychopteridae,Sciomyzidae,Simuliidae,Stratiomyidae,Tabanidae,Tipulidae,Baetidae,Caenidae,Ephemerellidae,Ephemeridae,Heptageniidae,Isonychiidae,Leptohyphidae,Leptophlebiidae,Siphlonuridae,Capniidae,Chloroperlidae,Leuctridae,Nemouridae,Perlidae,Perlodidae,Taeniopterygidae,Pteronarcyidae,Brachycentridae,Glossosomatidae,Goeridae,Helicopsychidae,Hydropsychidae,Hydroptilidae,Lepidostomatidae,Leptoceridae,Limnephilidae,Molannidae,Philopotamidae,Phryganeidae,Polycentropodidae,Psychomyiidae,Rhyacophilidae,Uenoidae,Corydalidae,Sialidae,Aeshnidae,Calopterygidae,Coenagrionidae,Corduliidae,Cordulegastridae,Gomphidae,Lestidae,Libellulidae,Erpobdellidae,Glossiphoniidae,Hirudinidea,Corophiidae,Crangonyctidae,Gammaridae,Hyalellidae,Belostomatidae,Corixidae,Gerridae,Hebridae,Notonectidae,Pleidae,Veliidae,Ancylidae,Bithnyiidae,Hydrobiidae,Lymnaeidae,Physidae,Planorbidae,Arachnida,Asellidae,Sphaeriidae
APB-19,2008,0,0,155,1,0,0,0,0,3,0,0,0,0,0,0,0,0,0,0,220,0,0,0,0,0,0,0,0,6,0,0,0,4,0,0,0,0,0,0,0,0,0,0,0,0,0,0,0,0,0,0,0,0,0,0,0,0,0,0,0,0,0,0,0,0,0,0,0,0,0,0,0,0,0,0,0,0,0,0,0,3,0,0,0,0,0,0,0,0,0,0,0,1,0,0,0,38,0
APB-19,2010,0,0,87,7,0,0,0,0,2,0,0,0,0,0,0,0,0,0,0,148,0,0,0,1,0,0,0,0,0,0,0,0,0,0,0,0,0,0,0,0,0,0,0,0,0,0,0,0,0,0,0,0,0,2,0,0,0,0,0,0,0,0,0,0,0,0,0,0,0,0,0,0,0,0,0,2,0,0,1,0,6,0,0,0,0,0,0,0,0,0,0,0,4,0,0,0,11,0
APB-19,2012,0,0,161,10,0,0,0,0,4,0,0,0,0,0,0,0,0,0,0,30,0,0,0,0,0,0,0,0,0,0,0,0,0,0,0,0,0,0,0,0,0,0,0,0,0,0,0,0,0,0,0,0,0,0,0,0,0,0,0,0,0,0,0,0,0,0,0,0,0,0,0,0,0,0,0,0,0,0,0,2,7,1,0,0,0,0,0,0,0,0,0,72,0,0,0,0,25,2
APB-19,2014,0,0,37,0,0,0,0,0,7,0,0,0,0,0,0,0,0,1,0,232,0,0,0,2,0,0,0,0,0,0,0,0,0,0,0,0,0,0,0,0,0,0,0,0,0,0,0,0,0,0,0,0,0,3,0,0,0,0,0,0,0,0,0,0,0,0,0,0,0,0,0,0,0,0,0,1,0,0,0,5,5,0,0,0,0,0,0,0,0,0,0,0,57,0,0,2,35,3
APB-5,2008,0,0,65,37,0,0,0,2,2,0,2,0,0,0,0,0,0,4,0,42,0,0,0,0,0,0,0,0,1,0,0,0,0,0,0,0,0,0,0,0,0,0,0,0,0,0,0,0,0,0,0,0,0,0,0,0,0,0,0,0,0,0,0,0,0,0,0,0,0,1,0,0,0,0,0,0,0,0,0,0,57,0,0,0,0,0,0,0,0,0,0,0,0,0,0,0,109,0
APB-5,2010,0,0,65,75,0,0,0,0,2,0,0,0,0,0,0,0,0,2,0,152,0,0,0,2,0,0,0,0,0,0,0,0,0,1,0,0,0,0,0,0,0,0,0,0,0,0,0,0,0,0,0,0,0,0,0,0,0,0,0,0,0,0,0,0,0,0,0,0,0,1,0,0,0,0,0,0,0,0,0,2,10,0,0,0,0,0,0,0,0,0,0,0,0,0,0,0,30,0
APB-5,2012,0,1,74,51,0,0,0,0,1,0,0,0,0,0,0,0,0,0,0,101,0,0,0,0,0,0,0,0,0,0,0,0,0,0,0,0,0,0,0,0,0,0,0,0,0,0,0,0,0,0,0,0,0,0,0,0,0,0,0,0,0,0,0,0,0,0,0,0,0,2,0,0,0,0,0,1,0,0,0,30,15,0,0,1,0,0,0,0,0,0,0,0,1,0,0,0,67,0
APB-5,2014,0,0,56,0,0,0,0,0,3,0,0,0,0,0,0,0,0,0,0,179,0,0,0,8,0,0,0,0,0,0,0,2,0,0,0,0,0,0,0,0,0,0,0,0,0,0,0,0,0,0,0,0,0,0,0,0,0,0,0,0,0,0,0,0,0,0,0,0,0,1,0,0,0,0,0,0,0,0,0,3,67,1,0,0,0,0,0,0,0,0,0,0,1,0,0,0,41,12
BRO-10,2007,0,0,0,0,0,0,0,0,27,0,0,0,0,0,0,0,0,0,0,70,0,0,0,7,0,0,0,0,82,0,0,7,46,0,58,0,3,0,0,11,0,0,0,0,91,4,0,0,0,0,1,0,0,12,0,0,0,0,0,1,0,2,0,2,0,1,0,0,0,0,0,0,0,0,0,0,0,0,0,0,0,0,0,0,0,0,0,0,0,0,0,0,0,0,0,0,0,0
BRO-10,2010,0,0,5,0,0,0,0,0,47,0,0,0,0,0,1,0,0,4,0,80,0,0,0,10,0,2,1,0,3,0,0,2,27,0,12,0,6,1,0,19,0,0,0,34,20,2,8,0,0,0,0,0,0,9,5,0,1,1,0,3,0,1,0,3,0,1,0,0,0,0,0,0,0,0,0,0,0,0,0,0,0,0,0,0,0,0,0,0,0,0,0,0,0,0,0,0,0,0
BRO-10,2012,0,0,6,1,0,0,0,0,66,0,0,0,0,0,1,0,0,1,0,28,0,0,0,0,0,0,0,0,7,0,0,12,35,0,23,0,6,0,0,12,0,1,0,1,80,5,8,0,0,2,0,0,1,19,9,0,0,2,0,0,0,0,0,7,1,0,0,0,0,0,0,0,0,0,0,0,0,0,0,0,0,0,0,0,0,0,0,0,0,1,0,0,0,0,0,0,0,1
BRO-10,2014,0,0,12,1,0,0,0,1,73,0,0,0,0,0,2,0,0,0,0,3,0,0,0,6,0,1,0,0,3,0,0,13,94,0,13,0,1,1,0,24,0,0,0,2,18,6,10,0,0,0,1,0,0,25,2,0,0,0,0,0,0,0,0,5,0,1,0,0,0,0,0,0,0,0,0,0,0,0,0,0,0,0,0,0,0,0,0,0,0,0,0,0,0,0,0,2,0,1
BRO-118,2007,0,1,26,0,0,0,0,0,51,0,0,0,0,0,0,0,0,1,0,110,0,0,0,3,0,0,0,0,2,0,0,7,0,1,33,0,6,0,0,1,0,0,0,0,3,2,0,0,1,4,1,0,66,63,0,0,10,0,0,1,0,1,0,0,0,1,0,0,0,0,0,0,0,0,0,0,0,0,0,0,0,0,0,0,0,0,0,0,0,0,0,0,0,0,0,0,0,0
BRO-118,2010,0,0,22,0,0,0,0,0,30,0,0,0,0,0,0,0,3,2,0,171,0,0,0,8,0,0,0,0,1,0,0,14,11,0,26,0,2,1,0,3,0,0,0,0,0,1,0,0,1,0,1,0,4,22,0,0,1,2,0,0,0,0,0,0,0,2,0,0,0,0,0,0,0,0,0,0,0,0,0,1,0,0,0,0,0,0,0,0,0,0,0,0,0,0,0,0,4,0
BRO-118,2014,0,0,11,0,0,0,0,0,63,0,0,0,0,0,0,0,0,1,0,93,0,0,0,15,0,0,0,0,3,0,0,15,55,0,14,0,6,4,0,8,0,0,0,0,0,1,0,0,1,0,0,0,5,33,6,0,3,0,0,2,0,0,0,0,0,3,0,0,0,0,0,0,0,0,0,0,0,0,0,0,0,0,0,0,0,0,0,0,0,0,0,3,0,0,0,11,2,6
BRO-119,2010,0,0,3,0,0,0,0,0,12,0,0,0,0,0,0,0,0,0,0,213,0,0,0,11,0,0,0,0,4,0,0,0,22,4,17,1,9,0,2,1,0,0,3,0,0,1,0,0,0,0,0,0,0,10,0,0,0,0,0,0,0,0,0,0,0,0,0,0,0,0,0,0,0,0,0,0,0,0,2,0,0,0,0,0,0,0,0,0,0,0,0,0,0,0,0,0,0,0
BRO-119,2012,0,4,76,0,0,0,0,0,80,0,0,0,0,0,0,0,0,3,0,114,0,0,0,2,0,0,0,0,1,0,0,0,6,5,4,1,1,0,2,0,0,0,0,0,0,2,0,0,0,0,0,0,0,1,1,0,2,0,0,0,0,1,0,0,0,0,0,0,0,0,0,0,0,0,0,0,0,0,0,1,0,0,0,0,0,0,0,0,0,0,0,0,0,1,0,0,3,0
BRO-119,2014,0,0,14,0,0,0,0,0,35,0,0,0,0,0,0,0,0,1,0,163,0,0,0,12,0,2,0,0,2,1,0,2,3,8,14,0,9,1,3,0,0,0,0,0,0,4,0,0,0,1,0,0,13,18,1,0,5,0,0,0,0,0,0,0,0,0,0,0,0,0,0,0,0,0,0,0,0,0,0,0,0,0,0,0,0,0,0,0,0,0,1,0,1,0,0,6,1,6
BRO-129,2007,0,2,36,1,0,0,0,3,23,0,0,0,0,0,0,0,0,2,0,213,0,0,0,0,0,0,0,0,8,0,3,2,4,0,0,0,0,0,0,0,0,0,0,0,4,6,0,0,0,0,0,0,0,3,0,0,0,0,0,39,0,0,0,0,0,0,0,0,0,0,0,0,0,0,0,0,0,0,0,0,0,0,0,0,0,0,0,0,0,0,0,0,0,0,0,0,31,1
BRO-129,2010,0,1,35,0,0,0,0,0,8,0,0,0,0,0,0,0,0,10,0,220,0,0,0,0,0,0,0,0,10,0,0,1,0,0,1,0,0,0,0,0,0,0,1,0,0,1,0,0,0,0,0,0,0,1,0,0,0,0,0,0,0,0,0,0,1,0,0,0,0,0,0,0,0,0,0,1,0,0,0,0,0,0,0,0,0,0,0,0,0,0,0,0,0,0,0,0,13,0
BRO-129,2012,1,0,18,0,0,0,0,6,20,0,0,0,0,0,0,0,0,1,0,209,0,0,0,0,0,0,0,0,4,0,1,1,8,0,0,0,1,0,0,1,0,0,0,1,9,10,2,2,0,0,0,0,0,4,0,0,0,0,0,6,0,0,0,0,0,0,0,0,0,0,0,0,0,0,0,1,0,0,0,3,0,0,0,0,0,0,0,0,0,0,0,0,0,0,0,0,24,1
BRO-129,2014,0,3,25,0,0,0,0,2,80,0,0,0,0,0,0,0,0,8,0,66,0,0,0,1,0,0,0,0,7,0,0,0,2,0,0,0,1,0,0,0,0,0,0,0,15,9,1,0,0,0,0,0,0,4,1,0,0,0,0,10,0,0,0,0,3,0,0,0,0,0,0,0,0,0,0,0,0,0,0,8,0,0,0,0,0,0,0,0,0,0,0,0,0,1,0,0,24,17
BRO-135,2007,0,2,1,0,0,0,0,0,5,0,0,0,0,0,0,0,0,0,0,103,0,0,0,0,0,0,0,0,13,0,1,1,0,57,0,0,1,2,0,0,0,1,0,0,68,0,7,1,0,0,0,0,0,2,0,0,2,7,0,0,0,1,1,0,1,0,2,0,0,0,0,0,0,0,0,0,0,0,0,0,0,0,0,0,0,0,0,0,0,0,0,0,0,0,0,0,1,0
BRO-135,2010,0,0,3,0,0,0,0,0,18,0,0,0,0,0,0,0,0,2,0,145,0,0,0,2,0,0,0,0,1,1,0,7,0,16,0,0,0,0,0,0,0,0,1,0,4,0,0,0,0,0,0,0,0,0,7,0,3,1,0,0,0,0,0,0,0,2,0,0,0,0,0,0,1,0,0,0,0,0,0,0,0,0,0,1,0,0,0,0,0,0,0,0,0,0,0,0,0,1
BRO-135,2012,0,3,3,0,0,0,0,0,10,0,0,0,0,0,0,0,0,1,0,176,0,0,0,5,0,0,0,0,4,0,0,2,11,14,1,0,2,0,0,2,0,0,0,4,26,5,4,2,0,1,0,0,0,1,4,1,5,2,0,1,0,0,0,0,0,1,0,0,0,0,0,0,2,0,0,0,0,0,0,0,0,0,0,0,0,0,0,0,0,1,0,0,0,0,0,0,0,2
BRO-135,2014,0,3,6,0,0,0,0,0,38,0,0,0,0,0,0,0,0,1,0,177,0,0,0,4,0,0,0,0,0,0,2,1,11,22,0,0,0,0,0,1,0,0,0,4,17,8,2,1,0,0,0,0,1,2,10,3,1,0,1,0,0,0,0,0,0,1,0,0,0,0,0,0,0,0,0,0,0,0,0,0,0,0,0,0,0,0,0,0,0,0,0,0,0,0,0,13,0,1
BRO-142,2007,0,3,28,1,0,0,0,1,5,0,0,0,0,0,0,0,0,9,0,299,0,0,0,0,0,0,0,0,7,0,1,1,0,0,0,0,0,0,0,0,0,0,0,0,0,0,4,0,0,0,0,0,0,3,0,0,0,1,0,0,0,0,0,0,0,0,0,0,0,0,0,0,0,0,0,1,0,0,0,0,0,0,0,0,0,0,0,0,0,0,0,0,0,0,0,0,1,0
BRO-142,2010,0,3,22,0,0,0,0,0,17,0,0,0,0,0,0,0,0,10,0,221,0,0,0,5,0,0,0,0,3,0,0,1,4,0,1,0,0,0,0,0,0,0,0,0,2,0,1,0,0,0,0,0,0,23,0,0,0,2,0,0,0,0,0,0,8,4,0,0,0,0,0,0,0,0,0,1,0,0,0,0,0,0,0,0,0,0,0,0,0,0,0,0,0,0,0,0,6,0
BRO-142,2012,0,0,23,0,0,0,0,0,10,0,0,0,2,0,0,0,0,2,0,303,0,0,0,1,0,0,0,0,3,0,0,0,23,1,0,0,1,0,0,0,0,0,0,0,1,0,3,0,0,0,0,0,0,6,0,0,0,0,0,2,0,0,0,0,1,4,0,0,0,0,0,0,0,0,0,0,0,0,0,0,0,0,0,0,0,0,0,0,0,0,0,0,0,0,0,0,4,0
BRO-142,2014,0,0,6,0,0,0,0,1,5,0,0,0,0,0,0,0,0,1,0,327,0,0,0,0,0,0,0,0,1,0,0,1,1,0,0,0,0,0,0,0,0,1,1,0,1,0,1,0,0,0,0,0,0,0,0,0,0,0,0,0,0,0,0,1,0,0,2,0,0,0,0,0,0,0,0,1,0,0,0,0,0,0,0,0,0,0,0,0,0,0,0,0,0,0,0,4,5,0
BRO-149,2007,0,2,2,1,0,0,0,0,44,0,0,0,0,0,0,0,0,10,0,223,0,0,0,3,0,0,0,0,70,0,0,0,0,5,0,0,0,0,0,0,0,0,0,0,0,0,4,0,0,0,0,0,0,0,0,0,0,0,0,0,0,0,0,0,1,0,0,0,0,0,0,0,0,0,0,0,0,0,0,0,0,1,0,0,0,0,0,0,0,0,0,0,0,0,0,0,2,2
BRO-149,2010,0,2,3,0,0,0,0,0,20,0,0,0,0,0,0,0,0,11,0,242,0,0,0,6,0,0,0,0,8,0,0,0,0,0,0,0,0,0,0,0,0,0,0,0,0,2,11,0,0,0,0,0,0,2,0,0,0,0,0,0,0,0,0,0,0,0,0,0,0,0,0,0,0,0,0,0,0,0,0,0,0,0,0,0,0,0,0,0,0,0,0,0,0,0,0,0,8,6
BRO-149,2012,0,0,16,3,0,0,0,1,52,0,0,0,0,0,0,0,0,24,0,191,0,0,0,2,0,0,0,0,15,0,0,0,0,3,0,0,0,0,0,0,0,0,0,0,0,2,7,0,0,0,0,0,1,3,0,0,0,0,0,1,0,0,0,0,0,0,0,0,0,2,0,0,0,0,0,0,0,0,0,0,0,1,0,1,0,0,0,0,0,0,0,0,1,0,0,0,45,8
BRO-149,2014,0,1,4,0,0,0,0,0,36,0,0,0,0,0,1,0,0,2,0,272,0,0,0,1,0,0,0,0,0,0,0,0,0,0,0,0,1,0,0,0,0,0,0,0,0,0,4,0,0,0,0,0,2,0,0,0,0,0,0,0,0,0,0,0,0,0,0,0,0,0,0,0,0,0,0,0,0,0,0,0,0,1,0,0,0,0,0,0,0,0,0,0,0,0,0,2,47,14
BRO-151,2007,0,0,243,0,0,0,0,0,1,0,1,0,1,0,0,0,0,5,0,51,0,0,0,0,0,0,0,0,1,0,0,1,0,1,0,1,0,0,0,0,0,0,0,0,0,0,2,0,0,0,0,0,0,0,0,0,0,0,0,0,0,0,0,0,0,0,0,0,0,0,0,0,0,0,0,1,0,0,0,2,0,2,0,0,0,0,0,0,0,0,0,0,0,1,0,0,0,0
BRO-151,2010,0,1,126,0,0,0,0,0,0,0,0,0,0,0,0,0,0,0,0,189,0,0,0,4,0,0,0,0,6,0,0,0,0,6,0,0,0,0,0,0,0,0,0,0,0,0,2,0,0,0,0,0,0,2,0,0,0,0,0,0,0,0,0,0,0,0,0,0,0,0,0,0,0,0,0,0,0,0,0,0,0,0,0,0,0,0,0,0,0,0,0,0,0,2,0,0,7,1
BRO-151,2012,0,4,107,0,0,0,0,0,1,0,0,0,0,0,0,0,0,3,0,152,0,0,0,1,0,0,0,0,72,0,0,0,0,3,0,0,0,0,0,0,0,0,0,0,0,0,0,0,0,0,0,0,0,0,0,0,0,0,0,0,0,0,0,0,0,0,0,0,0,0,0,0,0,0,0,0,0,0,0,0,0,0,0,0,0,0,0,0,0,0,0,0,0,0,0,0,8,1
BRO-151,2014,0,6,178,0,0,0,0,0,3,0,0,0,0,0,0,0,0,4,0,112,0,0,0,3,0,0,0,0,12,0,0,0,0,1,0,0,0,0,0,0,0,0,0,0,0,2,1,0,0,0,0,0,0,0,0,0,0,0,0,0,0,0,0,0,0,0,0,0,0,3,0,0,0,0,0,0,0,0,0,0,0,0,0,0,0,0,0,0,0,0,0,0,0,0,0,1,1,7
BRO-154,2007,0,0,22,0,0,0,0,0,109,0,0,0,0,0,5,0,0,1,0,116,0,0,0,6,0,0,0,0,0,0,0,7,0,7,15,2,8,0,0,28,0,0,0,0,1,2,0,0,0,0,2,0,6,16,0,0,0,9,0,1,0,0,1,1,1,0,0,0,0,0,0,0,0,0,0,0,0,0,0,0,0,0,0,0,0,0,0,0,0,0,0,0,0,0,0,0,2,0
BRO-154,2008,0,1,20,0,0,0,0,0,74,0,0,0,1,0,4,0,0,1,0,113,0,0,0,3,0,0,0,0,0,0,0,1,7,1,7,1,5,2,0,30,0,0,0,0,0,4,0,0,0,0,0,0,3,2,0,0,0,3,0,0,0,1,0,0,0,0,0,0,0,0,0,0,0,0,1,0,0,0,1,0,0,0,0,3,0,0,0,0,0,0,0,0,1,0,0,0,30,6
BRO-154,2010,0,0,15,0,0,0,0,0,54,0,0,0,0,0,1,0,0,3,0,189,0,0,0,8,0,0,0,0,0,0,0,5,16,2,4,0,6,0,0,4,0,0,0,0,0,0,0,0,0,0,1,0,0,8,0,0,0,6,0,0,0,0,0,0,2,1,0,0,0,0,0,0,0,0,0,0,0,0,0,0,0,0,0,0,0,0,0,0,0,0,0,0,0,0,0,0,1,1
BRO-154,2012,0,4,45,0,0,0,0,1,48,0,0,0,0,0,2,0,0,2,0,91,0,0,0,3,0,0,0,0,1,0,0,0,42,7,0,3,1,0,0,1,0,0,0,0,4,3,0,15,0,0,2,0,1,1,0,0,2,2,0,0,0,0,0,0,1,0,0,1,0,0,0,0,0,0,0,0,0,0,0,1,0,0,0,1,0,0,0,0,0,0,0,0,0,0,0,0,23,1
BRO-154,2014,0,4,61,0,0,0,0,0,90,0,0,0,0,0,3,0,0,5,0,78,0,0,0,13,0,0,0,0,0,0,0,1,0,1,4,0,1,0,0,2,0,0,0,0,0,0,2,0,0,0,0,0,2,7,0,0,2,2,0,0,0,0,0,0,7,1,1,0,0,0,0,0,0,0,0,0,0,0,0,0,0,1,0,0,0,0,0,0,0,0,0,0,2,0,0,10,3,8
BRO-16,2007,0,0,6,1,0,0,0,0,66,0,0,0,0,0,0,0,0,1,0,151,0,0,0,6,0,0,0,0,45,0,0,0,0,29,0,0,2,0,0,0,0,0,0,0,4,0,4,0,0,0,0,0,0,3,0,0,0,0,0,0,0,0,0,0,1,0,0,0,0,0,0,0,0,0,0,1,0,0,0,0,0,0,0,0,0,0,0,0,0,0,0,0,0,0,0,0,18,1
BRO-16,2008,0,0,5,0,0,0,0,19,13,0,0,0,0,0,0,0,0,0,0,190,0,0,0,0,0,0,0,0,54,0,0,1,1,0,1,0,0,0,0,27,0,0,0,0,0,4,2,0,0,0,0,0,0,0,0,0,0,0,0,0,0,0,1,0,0,0,0,0,0,0,0,0,0,0,0,0,0,0,0,0,0,0,0,0,0,0,0,0,0,0,0,0,0,0,0,0,22,0
BRO-16,2010,0,0,5,0,0,0,0,10,34,0,0,0,0,0,0,0,0,3,0,94,0,0,0,3,0,0,0,0,6,0,0,2,26,31,0,0,5,0,0,17,0,0,0,0,0,17,0,0,0,0,0,0,0,2,4,0,0,0,0,1,0,0,0,0,0,0,0,0,0,0,0,0,0,0,0,0,0,0,0,0,0,0,0,0,0,0,0,0,0,0,0,0,1,0,0,0,53,0
BRO-16,2012,0,0,2,6,0,0,0,0,16,0,0,0,0,0,0,0,0,4,0,143,0,0,0,2,0,0,0,0,65,0,0,1,20,38,2,0,3,1,0,1,0,0,0,1,0,18,2,0,0,0,0,0,4,11,4,0,3,0,0,3,0,0,0,0,0,0,0,1,0,0,0,0,0,0,0,0,0,0,0,0,0,0,0,0,0,0,0,0,0,0,0,0,0,0,0,0,7,0
BRO-16,2014,0,1,31,0,0,0,0,0,75,0,0,0,0,0,0,0,0,3,0,113,0,0,0,2,0,0,0,0,1,0,0,2,12,36,0,0,1,0,0,0,0,0,0,0,0,13,0,0,0,0,0,0,2,1,3,0,2,1,0,0,0,0,0,0,0,0,0,0,0,0,0,0,0,0,0,0,0,0,0,4,0,0,0,0,0,0,0,0,0,0,0,0,0,0,0,0,55,2
BRO-171,2007,0,0,61,0,0,0,0,0,49,0,0,0,0,0,0,0,0,0,0,79,0,0,0,16,0,0,0,0,3,1,0,5,15,0,11,0,3,2,0,5,0,0,0,0,6,7,2,0,2,0,0,0,0,7,15,0,0,0,0,0,0,0,0,0,0,9,0,0,1,0,0,0,0,0,0,0,0,0,0,0,0,0,0,0,0,0,0,0,0,0,0,0,0,0,0,0,0,1
BRO-171,2010,0,1,12,0,0,0,0,0,36,0,0,0,0,0,0,0,0,3,0,207,0,0,0,10,0,0,0,0,4,0,0,13,6,0,9,0,3,0,0,2,1,0,2,0,1,1,0,0,0,0,0,0,2,22,13,0,0,0,0,2,0,0,0,0,1,3,0,0,0,0,0,0,0,0,0,0,0,0,0,0,0,0,0,0,0,0,0,0,0,0,0,0,0,0,0,0,0,0
BRO-171,2012,0,0,36,0,0,0,0,0,41,0,0,0,0,0,0,0,0,0,0,182,0,0,0,10,0,0,0,0,0,0,0,12,1,0,6,0,3,0,0,10,0,0,0,0,3,5,3,0,1,2,0,0,0,16,6,0,1,0,0,8,0,0,0,0,0,2,0,0,0,0,0,0,0,0,0,0,0,0,0,0,0,0,0,0,0,0,0,0,0,0,0,0,0,0,0,0,0,1
BRO-171,2014,0,4,108,0,0,0,0,0,66,0,0,0,0,0,0,0,0,2,0,67,0,0,0,15,0,0,0,0,0,0,0,10,7,0,1,0,0,0,0,1,0,0,0,0,0,5,0,0,0,0,0,0,2,26,0,0,0,0,0,2,0,1,0,0,0,2,1,0,0,0,0,0,0,0,0,0,0,0,0,0,0,0,0,0,0,0,0,0,0,0,0,0,0,0,0,3,0,1
BRO-172,2007,0,0,18,0,0,0,0,0,8,0,0,0,0,0,4,0,0,0,0,32,0,0,0,1,0,0,0,0,6,1,2,10,1,0,12,0,0,0,0,1,1,0,15,11,112,7,0,0,0,0,0,0,0,9,1,8,3,6,0,0,1,2,0,5,9,4,1,0,0,0,0,0,0,0,0,0,0,0,0,0,0,0,0,0,0,0,0,0,0,0,0,0,1,0,0,0,1,7
BRO-172,2010,0,0,4,0,0,0,0,0,9,0,0,0,0,0,0,0,0,1,0,40,0,0,0,6,0,0,0,0,4,0,0,3,29,0,12,0,0,0,0,4,0,0,4,63,37,5,4,0,0,1,1,0,0,10,4,0,0,4,0,4,0,0,0,5,2,0,1,0,0,0,0,3,0,0,0,0,0,0,0,0,0,1,0,0,0,0,0,0,0,0,0,0,0,0,0,0,2,1
BRO-172,2012,0,0,5,0,0,0,0,0,3,0,0,0,0,0,0,0,0,4,0,29,0,0,0,0,0,0,0,0,2,0,2,12,12,0,17,0,1,0,0,5,0,0,0,20,141,4,10,0,0,0,0,0,0,6,0,7,1,6,0,1,0,0,0,5,0,0,0,0,0,0,0,1,1,0,0,0,0,0,0,0,0,0,0,0,0,0,0,0,0,0,0,0,0,1,0,0,1,5
BRO-172,2014,0,3,10,0,0,0,0,0,2,0,0,0,0,0,2,0,0,4,0,39,0,0,0,0,0,0,1,0,14,1,1,9,136,0,11,0,0,0,1,9,0,0,0,13,29,1,1,0,0,0,1,0,0,7,1,3,0,0,0,1,2,0,1,0,11,1,0,0,0,0,0,1,0,0,0,0,0,0,0,0,0,0,0,0,0,0,0,0,0,0,0,0,1,0,0,1,0,11
BRO-196,2007,0,0,1,0,0,0,0,0,73,0,0,0,0,0,9,0,0,0,0,87,0,0,0,5,0,0,0,0,1,0,0,8,33,0,22,0,5,0,0,1,0,0,0,0,0,6,0,0,0,2,0,0,4,29,1,0,1,2,0,4,0,0,0,1,0,8,0,1,1,0,0,0,0,0,0,0,0,0,0,0,0,0,0,0,0,0,0,0,0,0,0,0,0,1,0,0,0,4
BRO-196,2010,0,0,5,0,0,0,0,0,20,0,0,0,0,0,4,0,0,1,0,125,0,0,0,9,0,0,0,0,0,0,0,4,100,1,33,0,18,0,0,0,0,0,0,0,0,5,0,0,0,0,0,0,0,14,4,0,8,1,0,4,0,0,1,2,0,3,0,0,1,0,0,0,0,0,0,0,1,0,0,0,0,2,0,0,0,0,0,0,0,1,0,0,0,0,0,0,0,0
BRO-196,2012,0,0,32,0,0,0,0,0,62,0,0,0,0,0,9,0,0,0,0,132,0,0,0,18,1,0,0,0,0,0,0,8,43,0,13,3,11,0,0,0,0,0,0,0,0,1,0,0,0,6,0,0,0,9,1,0,7,1,0,3,0,0,0,0,0,0,0,0,0,0,0,0,0,0,0,0,0,0,0,0,0,3,0,0,0,0,0,0,0,0,0,0,0,0,0,0,0,0
BRO-196,2014,0,0,1,0,0,0,0,0,53,0,0,0,0,0,11,0,0,0,0,92,0,0,0,9,0,0,0,0,5,0,0,12,11,0,32,0,15,0,0,1,0,0,1,0,0,3,0,0,0,2,0,0,5,58,1,0,0,0,0,12,0,0,2,1,1,4,0,0,0,0,0,0,0,0,0,0,0,0,0,0,0,0,0,0,0,0,0,0,0,2,0,0,0,0,0,3,0,1
BRO-197,2007,0,2,12,1,0,0,0,11,14,0,0,0,0,0,0,0,0,4,0,90,0,0,0,0,0,0,0,0,5,0,0,0,2,3,0,0,3,0,0,3,0,0,0,0,3,0,6,0,0,0,0,0,0,10,26,0,0,2,0,0,0,2,0,0,0,0,0,0,0,1,0,0,1,0,0,0,0,0,0,0,2,0,0,0,0,0,0,0,0,0,0,0,0,2,0,0,102,1
BRO-197,2010,0,0,2,11,0,0,0,13,14,0,0,0,0,0,0,0,0,5,0,50,0,0,0,5,0,0,0,0,22,1,0,1,4,1,0,0,0,0,0,0,0,0,0,0,1,0,21,0,0,0,0,0,0,1,3,0,0,10,0,0,0,0,0,0,0,0,0,0,0,1,0,0,0,0,0,0,0,0,0,5,0,42,0,0,0,0,0,0,0,0,0,0,0,0,0,0,91,0
BRO-209,2007,0,0,5,0,0,0,0,6,68,0,0,0,0,0,0,0,0,1,0,78,0,0,0,3,0,0,0,0,1,0,2,0,6,1,0,0,9,2,0,6,0,0,0,0,0,3,0,0,0,0,0,0,5,25,1,0,6,8,0,1,0,1,0,0,2,12,2,3,1,0,0,1,0,0,0,0,0,0,0,0,0,11,0,0,0,1,0,0,0,0,0,0,1,2,0,0,0,32
BRO-209,2010,0,0,1,0,0,0,0,0,18,0,0,0,0,0,0,0,0,1,0,93,0,0,0,5,0,0,0,0,0,0,0,1,70,0,0,0,28,3,0,20,0,0,0,0,3,3,0,0,0,0,0,0,1,10,0,0,10,11,0,2,0,0,1,0,1,9,1,0,1,0,0,0,0,0,0,0,0,0,0,0,0,1,0,0,0,0,0,0,0,0,0,0,0,0,1,0,0,9
BRO-209,2012,0,1,11,0,0,0,0,0,20,0,0,0,0,0,0,0,0,1,0,224,0,0,0,3,0,0,0,0,3,0,1,0,35,0,0,0,22,2,0,12,0,0,7,0,3,1,2,0,0,0,0,0,3,13,0,0,0,1,0,0,0,0,0,0,0,1,0,0,0,0,0,1,0,0,0,0,0,0,0,0,0,0,0,0,0,0,0,0,0,0,0,0,1,3,0,0,0,0
BRO-209,2014,0,2,46,0,0,0,0,2,17,0,0,0,0,0,0,0,0,2,0,167,1,0,0,1,0,0,0,0,0,0,1,1,25,0,0,0,32,0,0,2,0,0,0,0,1,0,0,0,0,0,0,0,5,2,0,0,16,2,0,0,0,0,2,0,0,0,0,0,1,0,0,0,0,0,0,0,0,0,0,0,0,8,0,0,0,0,0,0,0,0,0,0,0,0,1,3,0,18
BRO-21,2007,0,2,4,0,0,0,0,0,24,0,0,0,0,0,1,0,0,0,0,68,0,0,1,5,0,0,0,0,6,0,0,4,3,21,64,2,8,0,31,4,0,0,0,0,1,12,0,0,0,0,0,0,7,53,0,0,1,0,0,0,0,0,0,0,0,0,0,0,0,0,0,0,0,0,0,0,0,0,0,0,0,0,0,0,0,0,0,0,0,0,0,0,0,0,0,0,1,0
BRO-21,2010,0,0,1,0,0,0,0,0,10,0,0,0,0,0,1,0,0,0,0,220,0,0,0,4,0,0,0,0,5,0,0,1,0,4,23,0,7,0,0,0,0,0,0,0,0,7,1,0,0,0,0,0,1,24,0,0,1,0,0,0,0,0,0,0,0,0,0,0,0,0,0,0,0,0,0,0,0,0,0,0,0,0,0,0,0,0,0,0,0,0,0,0,0,0,0,0,8,0
BRO-21,2014,0,2,43,0,0,0,0,0,31,0,0,0,0,0,3,0,0,14,0,90,0,0,0,4,0,0,0,0,2,0,0,1,31,1,22,1,16,0,15,1,0,0,0,0,0,4,0,10,0,0,0,0,20,15,1,0,10,0,0,0,0,0,0,0,0,0,0,0,0,0,0,0,0,0,0,0,0,0,0,0,0,0,0,0,0,0,0,0,0,0,0,0,0,0,0,14,0,8
BRO-219,2007,0,1,30,0,0,0,0,0,45,0,0,0,0,0,0,0,0,6,0,396,0,0,0,3,0,0,0,0,11,0,1,3,1,0,0,0,0,0,0,0,0,0,0,0,5,0,0,0,0,0,0,0,0,12,0,0,1,0,0,0,0,0,0,0,1,1,0,0,0,0,0,0,0,0,0,0,0,0,0,0,0,0,0,0,0,0,0,0,0,0,0,0,0,0,0,0,5,6
BRO-219,2010,0,1,11,0,0,0,0,0,8,0,0,0,0,0,0,0,0,0,0,219,0,0,0,1,0,0,0,0,20,0,0,8,0,1,1,0,1,0,0,0,0,0,0,0,5,0,2,0,0,0,0,0,0,33,2,0,3,0,0,0,0,3,0,0,0,1,0,0,3,0,0,0,0,0,0,0,0,0,1,0,0,0,0,0,0,0,0,0,0,0,0,0,0,0,0,0,12,1
BRO-219,2012,0,1,92,0,0,0,0,0,11,0,0,0,0,0,0,0,0,1,0,211,0,0,0,1,0,0,0,0,0,0,0,1,5,0,0,0,0,0,0,4,0,0,0,0,1,0,0,0,0,0,0,0,0,11,1,0,0,0,0,0,0,0,0,0,0,0,0,0,0,0,0,0,0,0,0,0,0,0,0,0,0,0,0,0,0,0,0,0,0,0,0,0,0,0,0,0,14,0
BRO-219,2014,0,1,120,0,0,0,0,0,8,0,0,0,0,0,0,0,0,0,0,236,0,0,0,0,0,0,0,0,0,0,0,1,0,0,0,0,0,0,0,0,0,0,0,0,1,0,0,0,0,0,0,0,0,4,3,0,0,0,0,0,0,1,0,0,0,0,0,0,0,0,0,0,0,0,0,0,0,0,0,0,0,0,0,0,0,0,0,0,0,0,0,0,0,0,0,5,8,1
BRO-22,2007,0,0,10,0,0,0,0,1,15,0,0,0,0,0,1,0,0,7,0,108,0,0,0,3,0,0,0,0,0,0,1,6,32,5,0,0,33,2,0,5,0,0,0,0,15,3,19,0,0,0,0,0,0,17,5,0,3,0,0,21,0,0,0,0,0,1,0,0,2,0,0,0,0,0,0,0,0,0,0,0,0,0,0,0,0,0,0,0,0,0,0,0,0,0,0,0,25,8
BRO-22,2012,0,0,20,1,0,0,0,0,33,0,0,0,0,0,1,0,0,2,0,64,0,0,0,2,0,0,0,0,3,0,3,3,9,6,0,0,20,0,0,5,0,0,0,0,2,12,22,0,0,0,0,0,0,5,0,0,1,2,0,13,0,0,1,1,1,0,0,0,0,0,0,0,0,0,0,0,0,0,0,0,0,3,0,1,0,0,0,0,0,0,0,0,0,0,0,0,79,9
BRO-22,2014,0,0,25,0,0,0,0,0,30,0,0,0,0,0,7,0,0,2,0,73,0,0,0,0,0,0,0,0,24,0,1,1,0,1,4,0,20,0,0,0,0,0,0,0,0,1,3,0,0,0,0,0,0,29,0,0,0,4,0,8,0,0,0,1,1,4,0,0,0,0,0,0,0,0,0,0,0,0,0,0,0,14,0,0,0,0,0,0,0,0,0,0,0,0,0,3,15,7
BRO-225,2007,0,0,9,0,0,0,0,4,15,0,0,0,0,0,0,0,0,1,0,197,0,0,0,0,0,0,0,0,29,0,0,2,21,0,0,0,2,0,0,0,0,0,0,0,3,6,0,0,0,0,0,0,0,0,0,0,0,0,0,21,0,0,0,0,0,0,0,0,0,0,0,0,0,0,0,0,0,0,0,0,0,0,0,0,1,0,0,0,0,0,0,0,0,0,0,0,14,0
BRO-225,2010,0,0,6,0,0,0,1,8,18,0,0,0,0,0,0,0,0,10,0,84,0,0,0,0,0,0,0,0,4,0,0,2,57,0,0,0,0,0,0,1,0,0,0,0,5,10,3,0,0,0,0,0,0,5,1,0,0,0,0,8,0,1,0,0,1,0,0,0,0,0,0,0,0,0,0,0,0,0,0,0,0,0,0,0,0,0,0,0,0,0,0,0,0,0,0,0,108,0
BRO-225,2012,0,0,14,0,0,0,0,5,16,0,0,0,0,0,0,0,0,4,0,308,0,0,0,0,0,0,0,0,0,0,3,2,2,6,0,0,1,0,0,0,0,0,0,0,0,4,0,0,0,0,0,0,0,3,6,0,0,0,0,0,0,0,0,0,0,1,0,0,1,0,0,0,1,0,0,0,0,0,0,0,0,0,0,3,1,0,0,0,0,0,0,0,0,5,0,0,22,0
BRO-225,2014,0,0,13,0,0,0,1,4,32,0,0,0,0,0,0,0,0,1,0,81,0,0,0,0,0,0,0,0,3,0,2,2,12,2,1,0,0,0,0,0,0,0,0,0,0,33,7,0,0,0,0,0,0,5,12,0,0,0,0,12,0,0,0,0,4,2,0,0,0,0,0,0,0,0,0,0,0,0,0,0,0,0,0,0,0,0,0,0,0,0,0,0,0,0,0,0,48,3
BRO-238,2007,0,5,4,0,0,0,0,0,5,0,0,0,0,0,0,0,0,2,0,103,0,0,0,0,0,0,0,0,96,0,0,4,0,7,0,0,0,1,0,0,0,3,0,0,37,0,20,0,0,0,0,0,0,2,0,0,0,8,0,0,0,0,0,1,0,5,0,0,0,0,0,0,0,0,0,0,1,0,0,0,0,1,0,0,0,0,0,0,0,0,0,0,0,0,0,0,0,0
BRO-238,2014,0,3,18,0,0,0,0,0,31,0,0,0,0,0,0,0,0,2,0,81,0,0,0,3,0,0,0,0,0,0,0,0,4,1,0,0,2,0,0,0,0,0,0,0,15,4,9,0,0,0,0,0,0,64,0,0,1,0,0,8,0,0,0,0,0,18,0,0,0,0,0,0,0,0,0,0,0,0,0,0,0,0,0,0,0,0,0,0,0,0,0,0,0,1,0,3,1,1
BRO-243,2007,0,0,66,0,0,0,0,0,13,0,0,0,0,0,0,0,0,1,0,135,0,0,0,13,0,1,0,0,1,0,0,1,13,0,2,0,0,0,0,1,0,0,0,0,22,0,0,0,0,2,0,0,0,21,41,0,0,1,0,1,0,0,0,1,1,0,0,0,0,0,0,0,0,0,0,0,0,0,0,0,0,0,0,0,0,0,0,0,0,0,0,0,0,0,0,0,0,0
BRO-243,2010,0,2,41,0,0,0,0,0,22,0,0,0,0,0,0,0,0,1,0,105,0,0,0,37,0,0,0,0,7,0,3,2,14,0,3,0,0,0,0,0,0,0,0,2,15,0,0,0,0,1,0,0,0,42,1,4,0,3,1,0,0,1,1,1,0,5,0,0,0,0,0,0,0,0,0,0,0,0,0,0,0,0,0,0,0,0,0,0,0,0,0,0,0,0,0,0,1,0
BRO-243,2012,0,0,45,0,0,0,0,0,10,0,0,0,0,0,0,0,0,2,0,187,0,0,0,11,0,0,0,0,3,0,1,2,2,0,2,0,0,1,0,0,0,0,0,1,9,0,0,0,0,1,0,0,0,16,12,0,0,1,0,0,0,0,0,2,0,0,0,0,0,0,0,0,0,0,0,0,0,0,0,0,0,0,0,0,0,0,0,0,0,0,0,0,0,0,0,0,0,3
BRO-243,2014,0,3,116,0,0,0,0,0,15,0,0,0,0,0,0,0,0,2,0,86,0,0,0,14,0,0,0,0,7,0,0,4,9,0,0,0,0,0,0,0,0,0,0,0,6,0,0,0,0,0,0,0,0,23,0,4,4,0,0,0,0,0,0,3,0,0,0,0,0,0,0,0,0,0,0,0,0,0,0,0,0,0,0,0,0,0,0,0,0,0,0,0,0,0,0,56,0,2
BRO-245,2007,0,0,109,0,0,0,0,0,0,0,0,0,0,0,0,0,0,0,0,99,0,0,0,0,0,0,0,0,3,0,0,3,36,0,5,1,2,1,0,6,0,46,0,0,43,0,1,0,0,0,0,0,0,13,1,2,0,3,0,1,0,1,0,1,0,0,0,0,1,0,0,2,0,0,0,0,0,0,0,0,0,0,0,0,0,0,0,0,0,0,0,0,0,0,0,0,0,1
BRO-245,2010,0,1,61,0,0,0,0,0,3,0,0,0,0,0,0,0,0,0,0,167,0,0,0,3,0,0,0,0,0,0,4,7,64,0,0,1,2,0,0,16,0,0,2,51,3,1,0,0,0,0,0,0,0,15,2,0,0,0,0,0,0,2,0,2,0,3,0,0,0,0,0,0,0,0,0,0,0,0,0,0,0,0,0,0,0,0,0,0,0,0,0,0,0,0,0,0,0,1
BRO-245,2012,0,2,39,0,0,0,0,0,7,0,0,0,0,0,2,0,0,0,0,145,0,0,0,0,0,0,0,0,1,0,1,2,60,0,1,1,10,0,0,6,0,0,0,7,7,2,1,0,0,0,0,0,0,10,14,2,0,0,0,6,0,1,0,0,0,0,0,0,0,0,0,0,0,0,0,0,1,0,0,0,0,0,0,0,0,0,0,0,0,0,0,0,0,0,0,0,0,0
BRO-245,2014,0,1,96,0,0,0,0,0,9,0,0,0,0,0,0,0,0,0,0,34,0,0,0,0,0,0,0,0,51,0,3,0,39,0,8,2,17,0,0,5,0,7,0,0,5,0,0,0,0,0,0,0,0,10,0,0,0,0,0,0,0,0,2,1,0,1,0,0,0,0,0,0,0,0,0,0,0,0,0,0,0,0,0,0,0,0,0,0,0,0,0,0,0,0,0,0,0,0
BRO-284,2007,0,0,79,0,0,0,0,0,58,0,0,0,0,0,0,0,1,3,0,63,0,0,0,6,0,0,0,0,0,0,0,3,14,2,27,0,9,0,26,0,0,0,0,0,0,1,1,0,0,0,0,0,19,9,1,0,5,0,0,0,0,0,0,0,0,4,1,0,0,0,0,0,2,0,0,0,0,0,0,0,0,0,0,0,0,0,0,0,0,0,0,0,0,0,0,0,1,2
BRO-284,2010,0,1,25,0,0,0,0,0,52,0,0,0,0,0,0,0,0,1,0,193,0,0,0,2,0,0,0,0,1,0,0,7,0,0,28,0,4,0,1,1,0,0,0,0,1,4,0,0,0,0,1,0,8,24,0,0,9,0,0,1,0,0,0,0,0,0,0,0,2,0,0,0,0,0,0,0,0,0,0,0,0,0,0,0,0,0,0,0,0,0,0,0,0,0,0,0,0,0
BRO-284,2012,0,0,28,0,0,0,0,0,74,0,0,0,0,0,0,0,2,2,0,163,0,0,0,5,0,0,0,0,0,0,0,5,8,0,34,0,18,1,2,4,0,0,0,0,1,3,6,0,1,0,0,0,12,9,0,0,11,0,0,0,0,0,0,0,1,1,0,0,1,0,0,0,0,0,0,0,0,0,0,0,0,0,0,0,0,0,0,0,0,0,0,0,0,0,0,0,1,0
BRO-284,2014,0,2,54,0,0,0,0,0,44,0,0,0,0,0,1,0,0,19,0,31,0,0,0,1,0,0,0,0,2,0,1,4,53,0,18,0,24,3,5,1,0,0,0,0,0,3,1,0,0,0,0,0,27,17,1,0,18,1,0,1,0,0,0,0,1,0,0,0,0,0,0,0,0,0,0,0,0,0,0,0,0,0,0,0,0,0,0,0,0,0,0,0,1,0,0,6,0,9
BRO-334,2010,0,0,0,0,0,0,0,0,29,0,0,0,0,0,0,0,0,0,0,158,0,0,0,5,0,0,0,0,19,0,1,11,6,5,0,0,6,3,0,3,0,0,4,1,1,0,0,0,0,3,0,0,0,48,0,0,3,17,0,0,0,1,0,0,0,6,0,0,1,0,0,0,0,0,0,0,0,0,0,0,0,2,0,0,0,0,0,0,0,0,0,0,0,0,0,0,0,1
BRO-334,2012,0,0,7,0,0,0,0,0,83,0,0,0,0,0,0,0,0,3,0,84,0,0,0,3,0,0,0,0,0,0,2,3,4,7,4,2,14,1,0,22,0,0,0,0,1,7,5,0,0,1,0,0,0,16,1,0,7,8,0,0,0,2,0,1,3,4,0,0,1,0,0,0,0,0,0,0,0,0,0,2,0,3,0,0,0,0,0,0,0,0,0,0,1,0,0,0,6,0
BRO-334,2014,0,1,16,0,0,0,2,0,47,0,0,0,0,0,0,0,0,0,0,76,0,0,0,10,0,0,0,1,0,0,2,0,17,14,8,1,5,0,0,6,0,0,0,0,1,6,0,0,0,1,0,0,5,16,2,0,12,4,0,0,0,5,0,0,3,0,1,0,0,0,0,0,0,0,0,0,0,0,0,4,0,2,0,0,0,0,0,0,0,0,0,0,0,0,0,10,5,8
BRO-42,2007,0,1,1,0,0,0,0,0,10,0,0,0,0,0,4,0,0,1,0,178,0,0,0,0,0,0,0,0,13,0,0,12,33,0,65,0,1,0,0,15,0,0,23,0,15,3,7,0,0,1,1,0,0,9,0,0,1,2,0,0,0,2,0,3,2,1,0,1,0,0,0,0,0,0,0,0,0,0,0,0,0,0,0,0,0,0,0,0,0,0,0,0,0,0,0,0,0,2
BRO-42,2010,0,0,1,1,0,0,0,0,15,0,0,0,0,0,0,0,0,1,0,66,0,0,0,1,0,0,0,0,25,1,0,2,44,0,43,0,1,0,0,46,0,0,6,1,2,4,5,1,1,1,0,0,0,34,1,0,0,0,0,0,0,0,0,1,0,0,0,1,0,0,0,0,0,0,0,0,0,0,0,0,0,0,0,0,0,0,0,0,0,0,0,0,0,0,0,0,0,0
BRO-42,2012,0,0,0,0,0,0,0,0,20,0,0,0,0,0,2,0,0,2,0,34,0,0,0,1,0,0,0,0,7,0,0,5,90,0,39,2,2,0,0,35,0,0,5,3,20,7,7,0,0,0,0,0,0,18,1,0,0,1,0,5,0,2,0,5,0,1,0,0,1,0,0,0,0,0,0,0,0,0,0,0,0,0,0,0,0,0,0,0,0,0,0,0,0,0,0,0,2,2
BRO-42,2014,0,0,2,0,0,0,0,0,21,0,0,0,0,0,3,0,0,1,0,74,0,0,0,0,0,0,0,0,9,0,0,6,39,0,85,0,0,0,0,22,0,3,17,4,5,7,3,0,0,0,4,0,0,25,0,0,0,0,0,0,0,2,0,1,1,3,0,0,0,0,0,0,0,0,0,0,0,0,0,0,0,0,0,0,0,0,0,0,0,0,0,0,0,0,0,2,3,2
BRO-57,2007,0,0,1,0,0,0,0,0,2,0,0,0,0,0,0,0,0,1,0,93,0,0,0,4,0,0,0,0,142,0,1,5,11,0,6,0,5,0,0,0,0,1,0,0,33,0,10,4,0,0,2,0,0,6,0,4,3,5,0,0,0,4,0,6,9,0,1,0,0,0,0,0,0,0,0,0,0,0,0,2,0,4,0,0,0,0,0,0,0,0,0,0,0,0,0,0,0,0
BRO-57,2010,0,1,4,0,0,0,1,0,5,0,0,0,0,0,0,0,0,4,0,77,0,0,0,5,0,1,0,0,87,0,2,4,10,0,6,0,7,0,0,6,0,0,3,22,16,0,0,0,0,0,0,0,0,0,0,2,1,3,3,0,0,9,0,1,2,0,2,0,0,0,0,1,0,0,0,0,0,0,0,1,1,10,0,0,0,0,0,0,0,0,0,0,0,0,0,0,0,1
BRO-57,2012,0,1,2,9,0,1,0,2,1,0,0,0,0,0,1,0,0,0,0,49,0,0,0,1,0,0,0,0,12,0,0,4,17,0,0,1,3,0,0,1,0,0,0,76,86,0,3,0,0,0,0,0,0,8,1,26,0,1,0,7,0,0,0,23,1,0,2,0,0,0,0,0,0,0,0,0,0,0,0,0,0,1,0,0,0,0,0,0,0,0,0,0,0,0,0,0,0,1
BRO-57,2014,0,1,10,0,0,0,0,0,0,0,0,0,0,0,0,0,0,0,0,69,0,0,0,1,0,0,0,0,28,0,0,5,37,0,1,0,0,0,0,1,0,7,0,29,92,0,1,0,0,4,3,0,0,7,0,4,1,2,0,0,2,0,0,16,0,0,3,0,0,0,0,0,0,0,0,0,0,0,0,0,0,4,0,0,0,0,0,0,0,0,0,0,0,0,0,9,2,2
BRO-8,2007,0,1,13,0,0,0,0,0,73,0,0,0,0,0,1,0,0,0,0,102,0,0,0,4,0,0,0,0,2,0,0,7,1,0,12,1,6,0,0,13,0,0,0,0,2,0,2,0,0,0,3,0,2,30,0,0,0,3,0,12,0,0,0,0,5,2,0,0,0,0,0,0,0,0,0,0,0,0,0,0,0,0,0,0,0,0,0,0,0,0,0,0,0,0,0,0,0,3
BRO-8,2008,0,0,21,0,0,0,0,0,50,0,0,0,0,0,1,0,0,2,0,95,0,0,0,6,0,0,0,0,2,0,0,1,12,6,9,0,8,0,0,17,0,0,0,0,0,31,0,0,0,0,0,0,4,12,2,0,0,1,0,1,0,0,0,0,2,2,0,0,0,0,0,0,0,0,0,0,0,0,0,1,0,0,0,3,0,0,0,0,0,0,0,0,0,0,0,0,11,6
BRO-8,2010,0,0,6,0,0,0,0,0,70,0,0,0,0,0,2,0,0,0,0,95,0,0,0,14,0,0,0,0,1,0,0,9,43,0,21,0,5,1,0,7,0,0,0,0,2,23,0,0,0,0,1,0,2,15,1,0,3,0,0,5,0,0,0,1,0,2,0,0,0,0,0,0,0,0,0,0,0,0,0,0,0,0,0,0,0,0,0,0,0,0,0,0,0,0,0,0,13,0
BRO-8,2014,0,5,5,1,0,0,0,1,76,0,0,0,0,0,9,0,0,0,0,74,0,0,0,0,0,0,0,0,3,0,0,17,5,0,1,0,16,2,0,4,0,0,0,0,0,0,0,0,0,0,0,0,0,59,0,0,3,6,0,7,0,0,0,0,0,6,0,0,0,0,0,0,0,0,0,0,0,0,0,1,0,1,0,0,0,0,0,0,0,0,0,0,0,0,0,10,4,28
FAL-6,2008,0,0,338,0,0,0,0,0,0,0,0,0,0,0,0,0,0,1,0,8,0,0,0,0,0,0,0,0,0,0,0,0,0,0,0,0,0,0,0,0,0,0,0,0,0,0,0,0,0,0,0,0,0,0,0,0,0,0,0,0,0,0,0,0,0,0,0,0,0,0,0,0,0,0,0,0,0,0,0,1,0,0,0,0,0,0,0,0,0,0,0,0,0,0,0,0,0,0
FAL-6,2010,0,13,177,0,0,0,0,0,0,0,0,0,0,0,0,0,0,1,0,110,0,0,0,0,0,0,0,0,0,0,0,1,0,0,0,0,0,0,0,0,0,0,0,0,0,0,0,0,0,0,0,0,0,1,0,0,0,0,0,0,0,0,0,0,0,0,0,0,0,0,0,0,0,0,0,0,1,0,0,0,0,0,0,0,0,0,0,0,0,0,0,0,0,0,0,0,1,0
FAL-6,2012,0,1,329,2,0,0,0,0,0,0,0,0,0,0,0,0,0,0,0,4,0,0,0,0,0,0,0,0,0,0,0,0,0,0,0,0,0,0,0,0,0,0,0,0,0,0,0,0,0,0,0,0,0,0,0,0,0,0,0,0,0,0,0,0,0,0,0,0,0,0,0,0,0,0,0,0,0,0,0,0,0,0,0,0,0,0,0,0,0,0,0,0,0,0,0,0,1,0
FAL-6,2014,0,5,301,0,0,0,0,0,0,0,0,0,0,0,0,0,0,0,0,3,0,0,0,0,0,0,0,0,0,0,0,1,0,0,0,0,0,0,0,0,0,0,0,0,0,0,0,0,0,0,0,0,0,0,0,0,0,0,0,0,0,0,0,0,0,0,0,0,0,0,0,0,0,0,0,0,0,0,0,0,0,0,0,0,0,0,0,0,0,0,0,0,0,0,0,0,0,0
FOR-12,2008,0,0,23,5,0,0,0,0,10,0,0,0,0,0,0,0,0,12,0,150,0,0,0,0,0,1,0,0,1,0,0,4,0,40,0,0,8,0,0,0,0,0,0,0,0,0,20,0,0,0,0,0,0,0,0,0,0,0,0,0,0,0,0,0,0,0,0,1,1,2,0,0,0,0,0,0,0,0,0,0,0,0,0,0,0,0,0,0,0,0,0,0,0,1,0,0,15,7
FOR-12,2010,0,0,26,11,0,0,0,0,10,0,0,0,0,0,0,0,0,2,0,199,0,0,0,1,0,0,0,0,0,0,0,0,0,41,0,0,0,0,0,0,0,0,0,0,0,0,5,0,0,0,0,0,0,0,0,0,1,0,0,0,0,0,0,0,0,0,0,0,0,0,0,0,0,0,0,0,0,0,2,2,0,1,0,0,0,0,0,0,0,0,0,0,0,0,0,0,5,4
FOR-12,2012,0,0,108,0,0,0,0,0,33,0,0,0,0,0,0,0,0,0,0,53,0,0,0,0,0,0,0,0,0,0,0,0,2,90,0,0,4,0,0,0,0,0,0,0,0,0,0,0,0,0,0,0,0,0,0,0,0,0,0,0,0,0,0,0,0,0,0,0,0,1,0,0,0,0,0,0,0,0,0,4,0,3,0,2,0,0,0,0,0,0,0,0,0,0,0,0,16,0
FOR-12,2014,0,2,26,0,0,0,0,0,10,0,0,0,0,0,0,0,0,4,0,225,0,0,0,0,0,0,0,0,0,0,0,0,0,7,0,0,0,0,0,0,0,0,0,0,0,0,0,0,0,0,0,0,0,1,1,0,2,0,0,0,0,0,0,0,0,0,0,0,0,0,0,0,0,0,1,0,0,0,0,7,0,3,0,19,0,0,0,0,0,0,0,0,0,0,0,0,13,0
FOR-2,2007,0,0,6,0,0,0,0,0,9,0,1,0,0,0,0,0,0,0,0,187,0,0,0,0,0,0,0,0,6,0,1,0,2,29,0,0,18,0,0,0,0,0,0,0,1,0,1,0,0,0,0,0,1,14,0,0,0,0,0,2,0,0,0,0,0,1,0,0,1,0,0,0,0,0,0,0,0,0,0,0,0,0,0,0,0,0,0,0,0,0,0,0,0,0,0,0,37,0
FOR-2,2008,0,0,8,0,0,0,0,0,7,0,0,0,0,0,0,0,0,1,0,250,0,0,0,1,0,0,0,0,0,0,1,1,0,19,0,0,8,0,0,0,0,0,0,0,0,0,0,0,0,0,0,0,3,10,0,0,0,0,0,3,0,0,1,0,0,0,0,0,0,0,0,0,0,0,0,0,0,0,0,1,0,0,0,0,0,0,0,0,0,0,0,0,0,0,0,0,31,0
FOR-2,2010,0,1,40,0,0,0,0,0,9,0,0,0,1,0,0,0,0,0,0,202,0,0,0,3,0,0,0,0,2,0,0,0,14,5,0,0,3,0,0,0,0,0,8,0,0,0,0,0,0,0,0,0,0,15,2,0,1,0,0,0,0,0,0,0,0,0,0,0,0,0,0,0,0,0,0,0,0,0,0,0,0,0,0,1,0,0,0,0,0,0,0,0,0,0,0,0,6,0
FOR-2,2012,0,0,38,0,0,0,0,0,18,0,0,0,0,0,0,0,0,0,0,260,0,0,0,0,0,0,0,0,0,0,0,1,2,6,0,0,2,0,0,0,0,0,0,0,0,0,0,0,0,0,0,0,0,0,1,0,0,0,0,0,0,0,0,0,0,0,0,0,0,0,0,0,0,0,0,0,0,0,0,0,0,0,0,0,0,0,0,0,0,0,0,0,0,0,0,0,6,0
FOR-2,2014,0,0,3,0,0,0,0,0,6,0,0,0,0,0,0,0,0,0,0,260,0,0,0,2,0,0,0,0,0,0,0,3,1,13,0,0,3,0,0,0,0,0,0,0,0,0,0,0,0,0,0,0,6,25,0,0,1,0,0,3,0,1,3,0,0,0,1,0,0,0,0,0,0,0,0,0,0,0,0,0,0,0,0,0,0,0,0,0,0,0,0,0,0,0,0,0,6,6
FOR-7,2008,0,0,18,14,0,0,0,0,108,0,0,0,0,0,0,0,0,10,0,100,0,0,0,0,0,0,0,0,3,0,0,9,0,0,0,0,0,0,0,0,0,0,0,0,6,0,19,0,0,0,0,0,0,0,0,0,0,2,0,0,0,1,0,0,0,0,1,0,0,0,0,0,0,0,0,0,0,0,0,1,0,0,0,0,0,0,0,0,0,0,0,0,0,0,0,0,38,0
FOR-7,2010,0,1,17,2,0,0,0,2,17,0,2,0,3,0,0,0,0,8,0,200,0,0,0,1,0,0,0,0,15,0,0,0,7,0,0,0,0,0,0,0,0,0,0,0,2,0,4,0,0,0,0,0,0,2,0,0,0,0,0,3,0,1,0,0,0,0,0,0,0,0,0,0,0,0,0,0,0,0,0,1,0,1,0,1,0,0,0,0,1,0,0,0,0,0,0,0,42,0
FOR-7,2014,0,0,28,0,0,0,0,0,5,0,0,0,0,0,0,0,0,5,0,180,0,0,0,0,0,0,0,0,2,0,0,0,0,0,0,0,4,0,0,0,0,1,2,0,0,0,0,0,0,0,0,0,0,8,0,0,0,0,0,2,0,0,0,0,5,0,1,0,0,0,0,0,0,0,0,0,0,0,0,9,0,0,0,0,0,0,0,0,0,0,0,0,0,0,0,0,54,3
FOR-71,2008,0,3,92,0,0,0,0,2,4,0,0,0,0,0,0,0,0,0,0,219,0,0,0,0,0,0,0,0,2,0,0,0,1,10,0,0,0,0,0,0,0,0,0,0,0,0,0,0,0,0,0,0,0,2,0,0,0,0,0,0,0,0,0,0,0,0,0,0,0,0,0,0,0,0,0,0,0,0,0,1,0,0,0,0,0,0,0,0,0,0,0,0,0,0,0,0,7,0
FOR-71,2010,0,1,18,0,0,0,0,1,24,0,0,0,0,0,0,0,0,2,0,240,0,0,0,2,0,0,0,0,0,0,0,1,6,5,0,0,0,0,0,0,0,0,1,0,0,0,0,0,0,0,0,0,0,6,4,0,0,0,0,0,0,2,0,0,0,0,0,0,0,0,0,0,0,0,0,1,0,0,0,0,0,0,0,0,0,0,0,0,0,0,0,0,0,0,0,0,3,2
FOR-71,2012,0,0,88,0,0,0,0,0,5,0,0,0,0,0,0,0,0,0,0,237,0,0,0,2,0,0,0,0,0,0,0,1,0,1,0,0,2,0,0,0,0,0,0,0,0,0,0,0,0,0,0,0,0,1,0,0,0,0,0,0,0,0,0,0,0,0,0,0,0,0,0,0,0,0,0,0,0,0,0,0,0,0,0,0,0,0,0,0,0,0,0,0,0,0,0,0,1,0
FOR-71,2014,0,3,33,0,0,0,0,1,5,0,0,0,0,0,0,0,0,4,1,210,0,0,0,1,0,0,0,0,0,0,0,1,0,15,0,0,5,0,0,0,0,0,0,0,0,0,0,0,0,0,0,0,0,14,0,0,5,0,0,1,0,0,1,0,0,0,0,0,0,0,0,0,0,0,0,0,0,0,0,2,0,0,0,3,0,0,0,0,0,1,0,0,1,0,0,1,16,0
GRN-101,2007,0,6,15,0,0,0,0,0,11,0,0,0,0,0,1,0,0,0,0,87,0,0,0,1,0,0,0,0,4,0,1,9,53,0,0,0,5,0,0,0,0,2,1,0,0,0,1,0,0,0,0,0,0,108,0,0,0,0,0,0,0,0,0,0,0,3,0,0,0,0,0,0,0,0,0,0,2,0,0,0,4,0,0,0,0,0,0,0,0,0,0,0,0,0,0,0,0,1
GRN-101,2008,0,1,117,0,0,0,0,0,2,0,0,0,0,0,0,0,0,0,0,380,0,0,0,1,0,0,0,0,22,0,0,0,4,0,0,0,2,0,0,0,0,0,0,0,0,0,0,0,0,0,0,0,0,0,0,0,0,0,0,0,0,0,0,0,0,0,0,0,0,0,0,0,0,0,0,0,0,0,0,0,0,0,0,0,1,0,0,0,0,0,0,0,0,0,0,0,0,0
GRN-101,2009,0,2,11,0,0,0,0,0,5,0,0,0,0,0,0,0,0,0,0,170,0,0,0,10,0,0,0,0,4,0,0,4,12,0,0,0,2,0,0,0,0,0,0,0,0,0,0,0,0,0,0,0,0,16,0,0,0,1,0,0,0,0,0,0,0,1,0,0,0,0,0,0,0,0,0,1,1,0,0,0,16,0,0,0,0,0,0,0,0,0,0,0,0,0,0,0,3,0
GRN-101,2011,0,1,47,0,0,0,0,0,19,0,0,0,0,0,0,0,0,0,0,155,0,0,0,7,0,0,0,0,1,0,0,4,25,0,0,0,3,0,0,0,0,0,0,0,0,0,0,0,0,0,0,0,0,4,20,0,0,0,0,0,0,0,0,0,0,3,0,0,0,0,0,0,0,0,0,0,0,0,0,14,1,0,0,0,0,0,0,0,0,0,0,0,0,0,0,0,6,0
GRN-101,2013,0,1,47,0,0,0,0,0,8,0,0,0,0,0,0,0,0,0,0,167,0,0,0,1,0,0,0,0,5,0,0,10,11,0,0,0,1,0,0,0,0,0,1,0,0,0,0,0,0,0,0,0,0,30,0,0,0,1,0,1,0,0,0,0,0,0,0,0,0,0,0,0,0,0,0,1,0,0,0,0,0,0,0,0,0,0,0,0,0,0,0,0,0,0,0,0,2,0
GRN-16,2006,0,1,23,1,0,0,0,0,9,0,0,0,0,0,2,0,0,0,0,170,0,0,0,0,0,0,0,0,1,0,0,2,69,0,0,0,2,0,0,0,0,0,0,0,0,0,0,0,0,0,0,0,0,10,1,0,0,1,0,0,0,0,0,0,0,2,0,0,0,0,0,0,0,0,0,0,0,0,0,0,1,0,0,0,0,0,0,0,0,0,0,0,0,0,0,0,2,2
GRN-16,2011,0,0,6,0,0,1,0,0,10,0,0,0,0,0,0,0,0,0,0,52,0,0,0,9,0,0,0,0,14,0,0,0,52,0,0,0,29,0,0,0,0,0,0,0,0,0,0,0,0,0,0,0,0,14,4,0,0,0,0,0,0,0,0,0,0,1,0,0,0,0,0,0,0,0,0,0,0,0,0,7,0,0,0,0,0,0,0,0,0,0,0,0,0,0,0,0,127,1
GRN-16,2013,0,0,12,1,0,0,0,0,19,0,0,0,0,0,3,0,0,0,0,216,0,0,0,7,0,0,0,0,4,0,0,1,2,0,0,0,9,0,0,0,0,0,0,1,0,0,0,0,0,0,0,0,0,25,0,0,0,0,0,3,0,0,0,0,0,1,0,0,0,0,0,0,0,0,0,0,0,0,0,1,0,0,0,0,0,0,0,0,0,0,0,0,0,0,0,1,14,6
GRN-19,2006,0,0,5,0,0,0,0,0,6,0,0,0,0,0,0,1,0,0,0,196,0,0,0,0,0,0,0,0,0,0,0,0,0,0,0,0,0,0,0,0,0,0,0,0,0,0,0,0,0,0,0,0,0,0,1,0,0,0,0,0,0,0,0,0,0,0,0,0,0,0,0,0,0,0,0,0,0,0,0,0,14,0,0,2,0,0,0,0,0,0,0,0,0,0,0,0,27,0
GRN-20,2006,0,1,36,0,0,0,0,2,31,0,0,0,0,0,0,0,0,3,0,179,0,0,0,11,0,0,0,0,34,0,0,0,0,0,0,0,0,0,1,0,1,0,0,0,0,0,0,0,0,0,0,0,0,29,36,0,0,0,0,0,0,0,0,0,0,0,0,0,1,0,0,0,0,0,0,0,0,0,0,0,0,0,0,0,0,0,0,0,0,0,0,0,0,0,0,0,17,4
GRN-20,2009,0,2,36,0,0,0,0,0,57,0,0,0,0,0,0,0,0,1,0,160,0,0,0,12,0,0,0,0,0,0,1,1,0,3,0,0,1,0,0,0,0,0,0,0,0,0,0,0,0,0,0,0,0,25,0,0,0,5,0,0,0,1,0,0,0,0,0,0,0,0,0,0,0,0,0,1,0,0,0,0,0,0,0,0,0,0,0,0,0,0,0,0,0,0,0,0,1,2
GRN-20,2011,0,10,112,0,0,0,0,0,16,0,0,0,0,0,0,0,0,2,0,143,0,0,0,4,0,0,0,0,5,0,0,1,0,0,0,0,0,0,0,0,0,0,0,0,0,0,0,0,0,0,0,0,0,19,0,0,0,4,0,0,0,0,0,0,0,0,0,0,0,0,0,0,0,0,0,0,1,0,0,0,0,0,0,0,0,0,0,0,0,0,0,0,1,0,0,0,4,0
GRN-20,2013,0,1,112,2,0,0,0,0,2,0,1,0,0,0,0,0,0,0,0,172,0,0,0,2,0,0,0,0,14,0,0,0,3,0,0,0,0,0,0,0,0,0,0,0,0,0,0,0,0,0,0,0,0,2,38,0,0,0,0,0,0,0,0,0,0,0,0,0,0,0,0,0,0,0,0,0,0,0,0,2,0,0,0,0,0,0,0,0,0,0,0,0,0,0,0,4,41,2
GRN-27,2007,0,0,80,0,0,0,0,0,49,0,0,0,0,0,0,0,0,2,0,134,0,0,0,2,0,0,0,0,7,0,2,1,0,4,2,0,5,0,0,0,0,0,0,0,0,0,0,0,0,0,0,0,0,4,0,0,0,1,0,0,0,0,0,0,0,1,0,0,0,0,0,0,0,0,0,0,0,0,0,0,0,0,0,0,0,0,0,0,0,0,0,0,0,0,0,0,5,15
GRN-27,2008,0,0,22,0,0,0,0,1,9,0,4,0,0,0,0,0,0,0,0,167,0,0,0,1,0,0,0,3,113,0,0,1,8,3,0,0,2,0,0,0,0,0,0,0,0,0,0,0,0,0,0,0,0,4,21,0,0,0,0,0,0,0,0,0,0,0,0,0,0,0,0,0,0,0,0,0,0,0,0,1,0,0,0,2,0,0,0,0,0,0,0,0,0,0,0,0,5,5
GRN-27,2009,0,3,11,0,0,0,0,0,6,0,0,0,0,0,0,0,0,2,0,255,0,0,0,14,0,0,0,0,24,0,1,1,0,0,0,0,1,0,0,0,0,0,0,0,0,0,0,0,0,0,0,0,0,7,0,0,0,0,0,0,0,0,0,0,0,0,0,0,0,1,0,0,0,0,0,0,0,0,0,0,0,0,0,0,0,0,0,0,0,0,0,0,0,0,0,0,1,0
GRN-27,2011,0,3,108,0,0,0,0,0,7,0,0,0,0,0,0,0,0,0,0,197,0,0,0,7,0,0,0,0,2,0,0,2,0,0,0,0,5,0,0,0,0,0,0,0,0,0,0,0,0,0,0,0,0,3,0,0,0,0,0,0,0,0,0,0,0,0,0,0,0,0,0,0,0,0,0,0,0,0,0,0,0,0,0,0,0,0,0,0,0,0,0,0,0,0,0,0,0,1
GRN-27,2013,0,2,18,0,0,0,0,0,34,0,0,0,0,0,0,0,0,6,0,207,0,0,0,0,0,0,0,0,7,0,0,1,0,0,0,0,5,0,0,0,0,0,0,0,0,0,0,0,0,0,0,0,0,6,0,0,0,0,0,0,0,0,0,0,2,0,0,0,0,0,0,0,0,0,0,0,0,0,0,0,0,0,0,1,0,0,0,0,0,0,0,0,0,0,0,3,0,13
GRN-28,2006,0,0,84,0,0,0,0,0,9,0,0,0,0,0,4,0,0,0,0,63,0,0,0,1,0,0,0,0,7,0,0,0,37,0,0,0,2,0,0,0,0,0,0,0,0,0,0,0,0,0,0,0,0,21,54,0,0,0,0,0,0,0,0,0,0,4,0,0,0,0,0,0,0,0,0,0,0,0,0,2,0,0,0,0,0,0,0,0,0,0,0,0,0,0,0,0,6,0
GRN-28,2009,0,5,10,0,0,0,0,0,1,0,0,0,0,0,1,0,0,0,0,171,0,0,0,9,0,0,0,0,6,0,0,0,25,0,0,0,11,0,0,0,0,0,0,0,0,0,0,0,0,0,0,0,0,41,0,0,0,0,0,0,0,0,0,0,2,0,0,1,0,0,0,0,0,0,0,0,0,0,0,3,0,0,0,0,0,0,0,0,0,0,0,0,0,0,0,0,11,0
GRN-28,2011,0,0,9,0,0,0,0,0,2,0,1,0,0,0,0,0,0,0,0,110,0,0,0,1,0,0,0,0,6,0,1,0,64,0,0,0,16,0,0,0,0,0,0,0,0,0,0,0,0,0,0,0,0,9,2,0,0,0,0,0,0,0,0,0,0,0,0,0,0,0,0,0,0,0,0,0,0,0,0,8,0,0,0,0,0,0,0,0,0,0,0,0,0,0,0,0,52,1
GRN-28,2013,0,1,32,0,0,0,0,0,12,0,0,0,0,0,2,0,0,0,0,207,0,0,0,5,0,0,0,0,2,0,2,2,7,0,0,0,6,0,0,1,0,0,0,0,0,0,0,0,0,0,0,0,0,13,0,0,0,0,0,0,0,1,0,0,2,0,0,0,0,0,0,0,0,0,0,1,0,0,0,3,0,1,0,0,0,0,0,0,0,1,0,0,0,0,0,0,8,0
GRN-47,2006,0,0,6,0,0,0,0,3,1,0,0,0,0,0,0,0,0,0,0,161,0,0,0,0,0,0,0,0,3,0,1,12,16,0,0,0,0,0,0,0,0,0,1,0,29,0,0,0,0,0,0,0,0,1,0,0,0,0,0,0,0,0,0,0,0,0,4,0,0,0,0,0,0,0,0,0,0,0,0,63,3,0,0,0,0,0,0,0,0,0,0,0,0,0,0,0,26,0
GRN-47,2009,0,0,1,2,0,0,0,3,0,0,0,0,0,1,0,0,0,2,0,158,0,0,0,0,0,0,0,0,0,0,0,0,0,0,0,0,0,0,0,0,0,0,1,1,55,0,0,0,0,0,0,0,0,0,0,0,0,0,0,0,0,0,0,6,11,0,0,0,0,0,0,0,0,0,0,0,0,0,0,5,31,0,0,0,0,0,0,0,0,0,0,0,0,0,0,0,15,0
GRN-47,2011,0,0,4,0,0,0,0,0,0,0,0,0,0,0,0,0,0,2,0,197,0,0,0,0,0,0,0,0,2,0,0,1,5,0,0,0,0,0,0,0,0,0,0,0,16,0,0,0,0,0,0,0,0,1,0,0,0,0,0,0,0,0,0,0,1,0,2,0,0,0,0,0,0,0,0,0,0,0,0,37,32,0,0,0,1,0,0,0,0,0,0,0,0,0,0,0,14,0
GRN-47,2013,0,0,9,0,0,0,0,1,0,0,0,0,0,0,0,0,0,1,0,226,0,0,0,0,0,0,0,0,0,0,1,7,0,0,0,0,0,0,0,1,0,0,0,0,2,0,0,0,0,0,0,0,0,2,0,0,0,0,0,0,0,0,0,4,9,0,0,0,0,0,0,1,0,0,0,0,0,0,0,2,13,0,0,0,0,0,0,0,0,0,0,0,0,0,0,0,18,1
GRN-50,2006,0,0,132,1,0,0,0,0,8,0,0,0,0,0,2,0,0,2,0,209,0,0,0,7,0,0,0,0,2,0,0,6,4,0,0,0,1,0,0,0,0,0,0,0,0,0,0,0,0,0,0,0,0,33,1,0,0,0,0,0,0,0,0,0,0,0,0,0,0,0,0,0,0,0,0,0,0,0,0,0,0,0,0,0,0,0,0,0,0,0,0,0,1,0,0,0,1,0
GRN-50,2011,0,33,27,0,0,0,0,0,24,0,0,0,0,0,1,0,0,0,0,146,0,0,0,22,0,0,0,0,8,0,0,3,62,0,0,0,7,0,0,0,0,0,0,0,0,0,0,0,0,0,0,0,0,12,15,0,0,0,0,0,0,0,0,0,0,0,0,0,0,0,0,0,0,0,0,0,0,0,0,0,0,0,0,0,0,0,0,0,0,0,0,0,0,0,0,0,4,0
GRN-50,2013,0,0,17,0,0,0,0,0,4,0,0,0,0,0,0,0,0,1,0,194,0,0,0,4,0,0,0,0,10,0,0,4,17,0,0,0,0,0,0,0,0,0,0,0,0,0,0,0,0,0,0,0,0,44,0,0,1,0,0,0,0,0,0,0,6,1,0,0,0,0,0,0,0,0,0,0,0,0,0,0,0,0,0,0,0,0,0,0,0,0,0,0,0,0,0,0,4,0
GRN-65,2009,0,7,16,5,0,0,0,0,13,0,0,0,0,0,0,0,0,14,0,107,0,0,0,1,0,0,0,0,10,0,0,2,0,0,0,0,0,0,0,0,0,0,0,0,0,0,11,0,0,0,0,0,0,0,0,0,0,0,0,0,0,0,0,0,7,0,0,0,0,0,0,0,0,0,0,0,0,0,19,6,1,0,0,0,0,0,0,0,0,0,0,0,1,0,0,0,57,5
GRN-65,2011,0,11,40,2,0,0,0,0,36,0,0,0,0,0,0,0,0,4,0,138,0,0,0,2,0,0,0,0,8,1,1,2,0,0,0,0,0,0,0,0,0,0,0,0,0,0,5,0,0,0,0,0,0,1,0,0,1,0,0,0,0,0,0,0,4,0,0,0,0,0,0,0,0,0,0,0,0,0,0,13,8,0,0,0,0,0,0,0,0,0,0,0,1,0,0,0,19,3
GRN-65,2013,0,3,23,0,0,0,0,0,3,0,0,0,0,0,0,0,0,6,0,193,0,0,0,0,0,2,3,0,36,0,0,2,0,0,0,0,0,0,0,0,0,4,8,1,0,0,10,0,0,0,0,0,0,0,0,0,0,0,0,0,0,0,0,0,6,0,0,0,0,0,0,0,0,0,0,0,0,0,0,13,2,0,0,0,0,0,0,0,0,0,0,0,0,0,0,0,5,12
GRN-66,2006,0,1,3,0,0,0,0,0,0,0,0,0,0,0,0,0,0,0,0,35,0,0,0,0,0,0,0,0,1,0,1,0,9,0,0,0,0,0,0,0,0,0,0,0,0,0,0,0,0,0,0,0,0,0,0,0,0,2,0,0,0,0,0,0,0,0,0,0,0,0,0,0,0,0,0,0,1,0,0,86,0,0,0,1,0,0,0,0,0,0,0,0,0,0,0,0,240,2
GRN-66,2009,0,0,30,0,0,0,0,0,6,0,0,0,0,0,0,0,0,1,0,103,1,0,0,0,0,1,0,0,55,0,2,0,0,3,0,0,0,0,0,0,0,0,0,0,0,0,0,0,0,0,0,0,0,1,0,0,0,5,0,0,0,0,0,0,0,0,0,0,0,0,0,0,0,0,0,0,0,0,0,19,6,0,0,1,0,0,0,0,0,0,0,0,2,0,0,0,64,1
GRN-66,2011,0,7,91,0,0,0,0,0,6,0,0,0,0,0,0,0,0,1,0,149,0,0,0,0,0,0,0,0,36,0,4,7,0,1,0,0,0,0,0,0,0,0,0,0,0,0,0,0,0,0,0,0,0,3,0,0,0,4,0,0,0,0,0,0,1,0,0,0,0,0,0,0,0,0,0,1,2,0,0,1,3,0,0,0,0,0,0,0,0,0,0,0,0,0,0,0,7,1
GRN-66,2013,0,0,42,0,0,0,0,0,3,0,0,0,0,0,0,0,0,1,0,236,0,0,0,0,0,0,0,0,8,0,0,3,0,0,0,0,0,0,0,0,0,0,3,1,0,0,0,0,0,0,0,0,0,0,0,0,0,0,0,0,1,0,0,1,0,0,0,0,0,0,0,0,0,0,0,0,0,0,0,10,3,0,0,0,0,0,0,0,0,0,0,0,0,1,0,0,5,0
GRN-7,2006,0,1,61,0,0,0,0,0,0,0,0,0,0,0,0,0,0,1,0,172,0,0,0,1,0,0,0,0,73,0,0,0,0,10,0,0,0,0,0,0,0,0,0,0,0,0,0,0,0,0,0,0,0,1,4,0,0,0,0,0,0,0,0,0,0,0,0,0,0,0,0,0,0,0,0,0,5,0,0,0,0,0,0,0,0,0,0,0,0,0,0,0,0,0,0,0,75,4
GRN-7,2009,0,7,30,0,0,0,0,0,1,0,0,0,0,0,0,0,0,0,0,264,0,0,0,1,0,0,0,0,22,0,0,0,0,0,0,0,0,0,0,0,0,0,0,0,0,0,0,0,0,0,0,0,0,7,0,0,0,0,0,0,0,0,0,0,0,0,0,0,0,0,0,0,0,0,0,1,0,0,0,0,0,0,0,0,0,0,0,0,0,0,0,0,0,0,0,0,0,1
GRN-7,2011,0,7,75,0,0,0,0,0,0,0,0,0,0,0,0,0,0,3,0,228,0,0,0,0,0,0,0,0,1,0,0,0,0,0,0,0,0,0,0,0,0,0,0,0,0,0,0,0,0,0,0,0,0,8,0,0,0,0,0,0,0,0,0,0,0,0,0,0,0,0,0,0,0,0,0,0,0,0,0,0,0,0,0,0,0,0,0,0,0,0,0,0,0,0,0,0,6,1
GRN-7,2013,0,6,17,0,0,0,0,0,0,0,0,0,0,0,0,0,0,3,0,284,0,0,0,0,0,0,0,0,2,0,0,1,0,0,0,0,0,0,0,0,0,0,0,0,0,0,0,0,0,0,0,0,0,3,0,0,1,0,0,0,0,0,0,0,0,0,0,0,0,0,0,0,0,0,0,0,0,0,0,0,0,0,0,0,0,0,0,0,0,0,0,0,0,0,0,0,0,2
GRN-73,2006,0,0,21,0,0,0,0,0,0,1,0,0,0,0,0,0,0,7,0,17,0,0,0,0,0,0,0,0,1,0,0,3,0,0,0,0,0,0,0,38,0,0,300,0,0,0,0,0,0,0,0,0,0,0,0,0,0,0,0,0,0,2,0,0,0,0,0,0,0,0,0,0,0,0,0,0,0,0,0,0,1,0,0,0,0,0,0,0,0,0,0,0,0,0,0,0,1,0
GRN-73,2009,0,5,67,0,0,0,0,1,0,0,0,0,0,0,0,0,0,2,0,20,0,0,0,0,0,0,0,0,3,0,0,4,0,0,0,0,0,0,0,0,0,0,0,0,0,0,5,0,0,0,0,0,0,0,0,0,0,4,0,0,0,0,0,0,0,0,0,0,0,0,0,0,0,0,0,1,0,0,0,4,0,0,0,0,0,0,0,0,0,0,0,0,3,4,1,0,67,4
GRN-73,2011,0,6,23,0,0,0,0,15,0,0,0,0,0,0,0,0,0,30,0,129,0,0,0,0,0,0,0,0,13,2,5,1,1,0,0,0,0,0,0,1,1,0,0,0,10,0,64,0,0,0,0,0,0,0,0,0,0,2,0,0,0,0,0,0,2,0,0,0,0,0,0,0,0,0,0,0,0,0,0,0,0,0,0,0,0,0,0,0,0,0,0,0,1,0,0,0,0,2
GRN-73,2013,0,4,48,2,0,0,0,0,1,0,0,0,0,0,0,0,0,3,0,38,0,0,0,0,0,0,0,0,112,0,0,1,0,0,0,0,0,0,0,0,0,0,69,16,0,0,0,0,0,0,0,0,0,0,0,0,0,4,0,0,1,0,0,0,0,0,0,0,0,0,0,0,0,0,0,0,0,0,0,0,0,0,0,0,0,0,0,0,0,0,0,0,0,0,1,0,1,13
JOS-1,2010,0,0,7,0,0,0,0,0,25,0,0,0,0,0,0,0,0,0,0,290,0,0,0,2,0,0,0,0,0,0,0,1,0,0,0,0,6,0,0,0,0,0,0,0,0,0,0,0,0,0,0,0,0,19,0,0,0,0,0,0,0,0,0,0,0,0,0,0,0,0,0,0,0,0,0,0,0,0,1,0,0,0,0,0,0,0,0,0,0,0,0,0,0,0,0,0,18,0
JOS-1,2012,1,1,96,0,0,0,0,0,6,0,0,0,0,0,0,0,0,0,0,181,0,0,0,0,0,0,0,0,0,0,0,2,0,0,0,0,11,0,0,0,0,0,0,0,0,1,0,0,0,0,0,0,0,4,0,0,0,0,0,0,0,0,0,0,0,0,0,0,0,1,0,0,0,0,0,0,0,0,0,6,0,0,0,0,0,0,0,0,0,0,0,0,0,0,0,0,15,0
JOS-1,2014,0,2,6,0,0,0,0,0,16,0,0,0,0,0,4,0,0,0,0,127,0,0,0,0,0,0,0,0,0,0,0,3,0,0,0,0,9,0,0,0,0,4,0,0,0,0,0,0,0,0,0,0,0,39,0,0,0,0,0,1,0,0,0,0,0,0,2,0,2,0,0,0,0,0,0,0,0,0,0,8,20,0,0,1,0,0,0,0,0,0,0,0,0,2,0,1,41,1
JOS-1,2008,0,0,121,0,0,0,0,1,20,0,0,0,0,0,1,0,0,1,0,96,0,0,0,0,0,0,0,0,1,0,0,0,0,2,0,0,11,0,0,0,22,0,2,0,0,0,0,0,0,0,0,0,0,11,0,0,2,0,0,0,0,0,0,0,0,0,0,0,1,0,0,0,0,0,0,1,0,0,0,1,0,0,0,0,0,0,0,0,0,0,0,0,3,0,0,0,13,0
JOS-25,2008,0,0,85,0,0,0,0,12,1,0,1,0,1,0,0,0,0,5,0,106,0,0,0,0,0,0,0,0,18,0,0,1,0,2,0,0,0,0,0,0,1,0,0,0,0,0,80,0,0,0,0,0,0,0,0,0,0,0,0,0,0,0,0,0,0,0,0,0,0,0,0,0,0,0,0,0,0,0,0,0,0,0,0,0,0,0,0,0,0,0,0,0,0,0,0,0,7,0
JOS-25,2010,0,1,24,0,0,0,0,0,15,0,1,0,0,0,0,0,0,5,0,121,0,0,0,0,0,0,0,0,12,0,0,1,0,18,0,0,0,0,0,0,0,0,0,0,0,0,1,0,0,0,0,0,0,47,0,0,0,0,0,0,0,0,0,0,0,0,0,0,0,0,0,0,0,0,0,0,0,0,2,0,0,2,0,0,0,0,0,0,0,0,0,0,0,0,0,0,49,0
JOS-25,2012,0,1,26,1,0,0,0,1,2,0,1,0,0,0,0,0,0,3,0,204,0,0,0,0,0,0,0,0,28,0,0,0,0,6,0,0,6,0,0,0,0,0,5,7,0,0,0,0,0,0,0,0,0,0,0,0,0,0,0,0,0,0,0,0,1,0,0,0,0,0,0,0,0,0,0,0,0,0,0,0,0,0,0,0,0,0,0,0,0,0,0,0,0,1,0,0,27,0
JOS-25,2014,0,0,12,0,1,0,0,0,1,0,0,0,2,0,0,0,0,2,0,132,0,1,0,1,0,0,0,0,0,0,0,4,0,1,0,0,0,0,0,0,0,19,0,9,0,0,0,0,0,0,0,0,0,0,0,0,0,0,0,0,0,0,0,0,12,0,0,0,0,0,0,0,0,0,0,1,0,0,0,2,0,0,0,0,0,0,1,0,0,0,0,0,0,0,0,4,105,0
JOS-34,2008,0,0,11,2,0,0,0,0,65,0,0,0,0,0,0,0,0,1,0,123,0,1,0,3,0,0,0,0,1,0,0,0,0,6,0,0,2,0,0,0,0,0,0,0,0,0,0,0,0,0,0,0,0,6,1,0,0,0,0,15,0,0,0,0,0,0,0,0,0,0,0,0,0,0,0,0,0,0,0,9,0,0,0,1,1,0,0,0,0,0,0,0,5,0,0,0,25,0
JOS-34,2010,0,0,2,2,0,0,0,0,26,0,0,0,0,0,1,0,0,0,0,305,0,0,0,1,0,0,0,0,1,0,0,0,1,0,0,0,5,0,0,0,0,0,0,0,0,0,0,0,0,0,0,0,0,13,0,0,3,1,0,0,0,0,0,0,0,0,0,0,0,0,0,0,0,0,0,0,0,0,0,2,0,0,0,0,0,0,0,0,0,0,0,0,0,0,0,0,49,0
JOS-34,2012,0,0,26,1,0,0,0,0,10,0,0,0,0,0,2,0,0,0,0,247,0,0,0,1,0,0,0,0,0,0,0,0,1,1,0,0,8,0,0,0,0,0,0,0,0,1,0,0,0,0,0,0,0,3,1,0,1,0,0,0,0,0,0,0,0,0,0,0,0,0,0,0,0,0,0,0,0,0,0,3,0,0,0,0,0,0,0,0,0,0,0,0,1,0,0,0,19,0
MCR-13,2008,0,0,449,21,0,0,0,0,1,0,0,0,0,0,0,0,0,0,0,24,0,0,0,0,0,0,0,0,0,0,0,0,0,0,0,0,0,0,0,0,0,0,0,0,0,0,0,0,0,0,0,0,0,3,0,0,0,0,0,0,0,0,0,0,0,0,0,0,0,0,0,0,0,0,0,0,0,0,2,9,0,0,0,0,0,0,0,0,0,0,0,0,0,0,0,0,3,0
MCR-13,2010,0,0,248,3,0,0,0,0,0,0,0,0,0,0,0,0,0,0,0,78,0,0,0,0,0,0,0,0,0,0,0,0,0,0,0,0,0,0,0,0,0,0,0,0,0,0,0,0,0,0,0,0,0,2,0,0,0,0,0,0,0,0,0,0,0,0,0,0,0,0,0,0,0,0,0,0,0,0,2,0,0,0,0,0,0,0,0,0,0,0,0,0,0,0,0,0,5,0
MCR-13,2012,0,0,293,2,0,0,0,0,0,0,0,0,0,0,0,0,0,0,0,77,0,0,0,0,0,0,0,0,0,0,0,0,0,0,0,0,0,0,0,0,0,0,0,0,0,0,0,0,0,0,0,0,0,1,0,0,0,0,0,0,0,0,0,0,0,0,0,0,0,0,0,0,0,0,0,0,0,0,0,4,0,0,0,0,0,0,0,0,0,0,0,0,0,0,0,0,7,0
MCR-13,2014,0,4,308,1,0,0,0,0,1,0,0,0,0,0,0,0,0,0,0,22,0,0,0,1,0,0,0,0,0,0,0,0,0,0,0,0,0,0,0,0,0,0,0,0,0,0,0,0,0,0,0,0,0,1,1,0,0,0,0,0,0,0,0,0,0,0,0,0,0,0,0,0,0,0,0,1,0,0,0,6,0,0,0,0,0,0,0,0,0,0,0,0,8,0,0,0,11,2
MCR-14,2008,0,0,279,4,0,0,0,1,6,0,0,0,0,0,0,0,0,0,0,48,0,0,0,0,0,0,0,0,2,0,0,0,0,0,0,0,0,0,0,0,0,0,0,0,0,0,0,0,0,0,0,0,0,0,0,0,0,0,0,0,0,0,0,0,0,0,0,0,0,1,0,0,0,0,0,0,0,0,0,9,0,0,0,0,0,0,0,0,0,0,0,0,0,0,0,0,31,0
MCR-14,2010,0,0,8,0,0,0,0,0,9,0,0,0,0,0,0,0,0,0,0,158,0,0,0,1,0,0,0,0,0,0,0,1,0,0,0,0,0,0,0,0,0,0,0,0,0,0,0,0,0,0,0,0,0,0,3,0,0,0,0,0,0,0,0,0,0,0,0,0,0,0,0,0,0,0,0,0,0,0,2,65,0,0,0,0,0,0,0,0,0,0,0,0,0,0,0,0,88,0
MCR-14,2012,0,0,237,4,0,0,0,0,4,0,0,0,0,0,0,0,0,0,0,110,0,0,0,0,0,0,0,0,0,0,0,0,0,0,0,0,0,0,0,0,0,0,0,0,0,0,0,0,0,0,0,0,0,0,0,0,0,0,0,0,0,0,0,0,0,0,0,0,0,0,0,0,0,0,0,0,0,0,0,5,0,0,0,0,0,0,0,0,0,0,0,0,0,0,0,0,5,0
MCR-14,2014,0,1,85,0,0,0,0,0,48,0,0,0,0,0,0,0,0,0,0,129,0,0,0,0,0,0,0,0,0,0,0,0,0,0,0,0,0,0,0,0,0,0,0,0,0,0,0,0,0,0,0,0,0,1,0,0,0,0,0,0,0,0,0,0,0,0,0,0,0,0,0,0,0,0,0,6,0,0,0,19,0,0,0,0,0,0,0,0,0,0,0,0,0,0,0,2,41,13
MOR-2,2008,0,0,235,0,0,0,0,1,0,0,0,0,0,0,0,0,0,1,0,41,0,0,0,1,0,0,0,0,2,1,0,1,0,0,0,0,0,0,0,0,0,0,0,0,0,0,0,0,0,0,0,0,0,1,0,0,0,0,0,0,0,0,0,0,0,0,0,0,0,0,0,0,0,0,0,2,0,0,0,14,7,0,0,0,0,0,0,0,0,0,0,0,0,0,0,0,20,0
MOR-2,2010,0,1,49,0,0,0,0,3,0,0,0,0,0,0,0,0,0,0,0,284,0,0,0,0,0,0,0,0,0,0,0,0,0,0,0,0,0,0,0,0,0,0,0,0,0,0,0,0,0,0,0,0,0,2,0,0,0,0,0,0,0,0,0,0,0,0,0,0,0,0,0,0,0,0,0,4,0,0,0,4,0,0,0,0,0,0,0,0,0,0,0,0,0,0,0,0,32,0
MOR-2,2012,0,0,321,1,0,0,0,2,0,0,0,0,0,0,0,0,0,0,0,282,0,0,0,0,0,0,0,0,0,0,0,2,0,0,0,0,0,0,0,0,0,0,0,0,0,0,0,0,0,0,0,0,0,2,0,0,0,0,0,0,0,0,0,0,0,0,1,0,0,0,0,0,0,0,0,0,0,0,0,11,3,0,0,0,0,0,0,0,0,0,0,0,0,0,0,0,13,0
MOR-2,2014,0,0,82,0,0,0,0,2,0,0,0,0,0,0,0,0,0,0,0,206,0,0,0,0,0,0,0,0,0,0,0,0,0,0,0,0,0,0,0,0,0,0,0,0,0,0,0,0,0,0,0,0,0,0,0,0,0,0,0,0,0,0,0,0,0,0,1,0,0,0,0,0,0,0,0,0,0,0,0,15,8,0,0,0,0,0,0,0,0,0,0,0,0,0,0,0,16,0
NDN-14,2008,0,0,134,16,0,0,0,1,2,0,0,0,0,0,0,0,0,2,0,102,0,0,0,0,0,0,0,0,0,0,0,0,0,0,0,0,0,0,0,0,0,0,0,0,0,0,0,0,0,0,0,0,0,7,0,0,0,0,0,0,0,0,0,0,0,0,0,0,0,0,0,0,0,0,0,2,0,0,0,0,0,0,0,0,0,0,0,0,0,0,0,0,0,0,0,0,34,2
NDN-3,2008,0,0,261,10,0,0,0,0,0,0,0,0,0,0,0,0,0,23,0,55,0,0,0,0,0,0,0,0,0,0,0,0,0,0,0,0,0,0,0,0,0,0,0,0,0,0,0,0,0,0,0,0,0,2,0,0,0,0,0,0,0,0,0,0,0,0,0,0,0,0,0,0,0,0,0,0,0,0,0,1,0,0,0,0,0,0,0,0,0,0,0,0,0,0,0,0,21,0
NDN-3,2010,0,0,16,0,0,0,0,0,3,0,0,0,0,0,0,0,0,0,0,257,0,0,0,0,0,0,0,0,0,0,0,0,0,0,0,0,0,0,0,0,0,0,0,0,0,0,0,0,0,0,0,0,0,2,0,0,0,0,0,0,0,0,0,0,0,0,0,0,0,0,0,0,0,0,0,1,0,0,0,0,0,0,0,0,0,0,0,0,0,0,0,0,0,0,0,0,52,0
NDN-3,2012,0,0,56,6,0,0,0,0,0,0,0,0,0,0,0,0,0,0,0,229,0,0,0,0,0,0,0,0,0,0,0,0,0,0,0,0,0,0,0,0,0,0,0,0,0,0,0,0,0,0,0,0,0,0,0,0,0,0,0,0,0,0,0,0,0,0,0,0,0,0,0,0,0,0,0,0,0,0,0,5,4,0,0,0,0,0,0,0,0,0,0,0,0,0,0,0,21,0
NDN-3,2014,0,0,107,29,0,0,0,0,4,0,0,0,1,0,0,0,0,2,0,65,0,0,0,0,0,0,0,0,0,0,0,0,0,0,0,0,0,0,0,0,0,1,0,0,0,0,0,0,0,0,0,0,0,0,0,0,0,0,0,0,0,0,0,0,0,0,0,0,0,0,0,0,0,0,0,0,0,0,0,0,4,0,0,0,0,0,0,0,0,0,0,0,0,0,0,1,106,6
NDN-32,2008,0,0,18,4,0,0,0,2,4,0,0,0,0,0,0,0,0,0,0,291,0,0,0,0,0,0,0,0,9,0,0,0,0,0,0,0,0,0,0,0,0,0,0,0,0,0,0,0,0,0,0,0,0,0,35,0,0,0,0,0,0,0,0,0,0,0,0,0,0,0,0,0,0,0,0,0,0,0,0,2,0,0,0,0,0,0,0,0,0,0,0,0,0,0,0,0,49,1
NDN-32,2010,0,1,0,4,0,0,0,0,2,0,0,0,0,0,0,0,0,0,0,207,0,0,0,4,0,0,0,0,4,0,0,0,0,0,0,0,0,0,0,0,0,0,0,0,0,0,0,0,0,0,0,0,0,2,0,0,0,0,0,0,0,0,0,0,0,0,0,0,0,0,0,0,0,0,0,0,0,0,5,1,1,0,0,0,0,0,0,0,0,0,0,0,0,0,0,0,105,0
NDN-32,2012,0,0,8,5,0,0,0,1,0,0,0,0,0,0,0,0,0,1,0,296,0,0,0,1,0,0,0,0,1,0,0,0,0,0,0,0,0,0,0,0,0,0,0,0,0,0,0,0,0,0,0,0,0,0,0,0,0,0,0,0,0,0,0,0,0,0,0,0,0,0,0,0,0,0,0,0,0,0,0,2,0,0,0,0,0,0,0,0,0,0,0,0,0,0,0,0,23,0
NDN-33,2008,0,0,190,0,0,0,0,1,2,0,0,0,0,0,0,0,0,1,0,91,0,0,0,0,0,0,0,0,1,0,0,0,0,0,0,0,0,0,0,0,4,0,0,0,0,0,0,0,0,0,0,0,0,0,2,0,0,0,0,0,0,0,0,0,0,0,0,0,0,0,1,0,0,0,0,0,0,0,0,0,0,0,0,0,0,0,0,0,0,0,0,0,1,0,0,0,92,1
NDN-33,2010,0,0,41,0,0,0,0,0,4,0,0,0,0,0,0,0,0,0,0,185,0,0,0,0,0,0,0,0,0,0,0,1,0,0,0,0,0,0,0,0,0,0,0,0,0,0,0,0,0,0,0,0,0,2,0,0,0,0,0,0,0,0,0,0,0,0,0,1,0,0,0,0,0,0,0,1,0,0,0,0,0,2,0,0,0,0,0,0,0,0,0,0,0,0,0,0,65,0
NDN-33,2012,0,0,247,0,0,0,0,0,0,0,0,0,0,0,0,0,0,0,0,31,0,0,0,0,0,0,0,0,0,0,0,0,0,6,0,0,0,0,0,0,0,0,0,0,0,0,0,0,0,0,0,0,0,0,0,0,0,0,0,0,0,0,0,0,0,0,0,0,0,4,1,0,0,0,0,0,1,0,0,1,0,0,0,0,0,0,0,0,0,0,0,0,0,0,0,0,19,0
NDN-33,2014,0,1,142,0,0,0,0,1,9,0,0,0,0,0,0,0,0,21,1,47,0,0,0,0,0,0,0,0,0,0,0,1,0,0,0,0,0,0,0,0,0,3,0,0,0,0,0,0,0,0,0,0,0,1,0,0,0,0,0,0,0,0,0,0,0,0,0,0,0,5,0,0,0,0,0,0,0,0,0,17,0,0,0,0,0,0,0,0,0,0,0,0,0,0,0,0,81,5
ROS-6,2008,0,0,151,0,0,0,0,0,0,0,0,0,0,0,0,0,0,0,0,164,0,0,0,0,0,0,0,1,1,0,0,0,0,0,0,0,0,0,0,0,0,0,0,0,0,0,0,0,0,0,0,0,0,0,3,0,0,0,0,0,0,0,0,0,0,0,0,0,0,0,0,0,0,0,0,0,0,0,0,0,0,0,0,0,0,0,0,0,0,0,0,0,0,0,0,0,31,0
ROS-6,2010,0,0,100,0,0,0,0,0,1,0,0,0,0,0,0,0,0,0,0,181,0,0,0,1,0,0,0,0,0,0,0,0,0,0,0,0,0,0,0,0,0,0,0,0,0,0,0,0,0,0,0,0,0,0,0,0,0,0,0,0,0,0,0,0,0,0,0,0,0,0,0,0,0,0,0,0,0,0,2,0,0,0,0,0,0,0,0,0,0,0,0,0,0,0,0,0,16,0
ROS-6,2012,0,0,330,0,0,0,0,0,0,0,0,0,0,0,0,0,0,0,0,32,0,0,0,0,0,0,0,0,0,0,0,0,0,0,0,0,0,0,0,0,0,0,0,0,0,0,0,0,0,0,0,0,0,0,0,0,0,0,0,0,0,0,0,0,0,0,0,0,0,0,0,0,0,0,0,0,0,0,0,0,0,0,0,0,0,0,0,0,0,0,0,0,0,0,0,0,3,0
SHL-48,2007,0,0,177,1,0,0,0,0,20,0,0,0,0,0,0,0,0,0,0,149,0,0,0,1,0,0,0,0,1,0,0,0,0,1,0,0,0,0,0,0,0,0,0,0,0,0,0,0,0,0,0,0,0,5,0,0,0,0,0,0,0,1,0,0,0,0,0,0,0,0,0,0,0,0,0,1,0,0,0,0,6,0,0,0,0,0,0,0,0,0,0,0,0,0,0,0,45,0
SHL-48,2008,0,0,76,2,0,0,0,3,5,0,0,0,0,0,0,0,0,0,0,177,0,0,0,0,0,0,0,0,32,0,0,0,3,0,0,0,0,0,0,0,0,0,0,0,0,0,0,0,0,0,0,0,0,1,8,0,0,0,0,0,0,0,0,0,0,0,0,0,0,0,0,0,0,0,0,0,0,0,0,5,0,0,0,0,0,0,0,0,0,0,0,0,0,0,0,0,69,0
SHL-48,2010,0,1,135,2,0,0,0,1,25,0,0,0,0,0,0,0,0,0,0,138,0,0,0,4,0,0,0,0,0,0,0,0,1,0,0,0,0,0,0,0,0,0,0,0,0,0,0,0,0,0,0,0,0,3,0,0,0,0,0,0,0,0,0,0,0,0,0,0,0,0,0,0,0,0,0,1,0,0,4,1,5,0,0,0,0,0,0,0,0,0,0,0,0,0,0,0,15,1
SHL-48,2012,0,0,163,10,0,0,0,0,14,0,0,0,0,0,0,0,0,2,0,102,0,0,0,0,0,0,0,0,0,0,0,0,0,0,0,0,0,0,0,0,0,0,0,0,0,0,0,0,0,0,0,0,0,2,0,0,1,0,0,0,0,0,0,0,0,0,0,0,0,1,0,0,0,0,0,1,0,0,0,1,3,0,0,0,0,0,0,0,0,0,0,0,0,0,0,0,25,2
SHL-48,2014,0,0,145,1,0,0,0,0,52,0,0,0,0,0,0,0,0,0,0,153,0,0,0,0,0,0,0,0,0,0,0,0,0,0,0,0,0,0,0,0,0,0,0,0,0,0,0,0,0,0,0,0,0,1,0,0,0,0,0,1,0,1,0,0,0,0,0,0,0,0,0,0,0,0,0,0,0,0,0,0,6,0,0,0,0,0,0,0,0,0,0,0,0,0,0,0,3,1
SHL-49,2008,0,0,6,1,0,0,0,7,4,0,0,0,0,0,0,0,0,1,0,228,0,0,0,0,0,0,0,0,2,0,0,1,0,0,0,0,0,0,0,0,0,0,0,0,0,0,0,0,0,0,0,0,0,0,0,0,0,0,0,0,0,0,0,0,0,0,0,0,0,0,0,0,0,0,0,0,0,0,0,4,3,0,0,0,0,0,0,0,0,0,0,0,0,0,0,0,72,0
SHL-49,2010,0,2,7,0,0,0,0,0,58,0,0,0,0,2,0,0,0,0,0,155,0,0,0,1,0,0,0,0,1,0,0,0,0,0,0,0,0,0,0,0,0,0,0,7,0,0,1,0,0,0,0,0,0,20,0,0,0,1,0,0,0,0,0,0,0,0,0,0,0,2,0,0,0,0,0,0,0,0,0,2,0,0,0,0,0,0,0,0,1,0,0,0,0,0,0,0,68,0
SHL-49,2012,0,4,7,0,0,0,0,1,8,0,0,0,0,0,0,0,0,4,0,173,0,0,0,0,0,0,0,0,0,0,1,0,0,0,0,0,0,0,0,0,0,17,0,4,0,0,0,0,0,0,0,0,0,25,0,0,1,0,0,2,0,0,0,0,2,0,0,0,1,0,0,0,0,0,0,0,0,0,0,7,1,0,0,0,0,0,0,0,0,0,0,0,0,0,0,0,70,1
SHL-49,2014,0,0,27,0,0,0,0,1,14,0,0,0,0,0,0,0,0,0,0,399,0,0,0,1,0,0,0,0,0,0,1,0,0,0,0,0,0,0,0,0,0,0,0,0,0,0,0,0,0,0,0,0,0,3,0,0,1,0,0,0,0,0,0,0,0,0,3,0,0,0,0,0,0,0,0,0,0,0,0,1,1,0,0,0,0,0,0,0,0,0,0,0,0,0,0,0,9,0
SHL-50,2008,0,0,200,1,0,0,0,1,1,0,0,0,0,0,0,0,0,0,0,215,0,0,0,1,0,0,0,0,6,0,0,1,0,0,0,0,0,0,0,0,0,0,0,0,0,0,0,0,0,0,0,0,0,0,1,0,0,0,0,0,0,0,0,0,0,0,0,0,0,0,0,0,0,0,0,0,0,0,0,0,1,0,0,0,0,0,0,0,0,0,0,0,0,0,0,0,5,0
SHL-50,2010,0,0,12,0,0,0,0,0,8,0,0,0,0,0,0,0,0,1,0,162,0,0,0,1,0,0,0,0,0,0,0,0,0,0,0,0,0,0,0,0,0,0,0,0,0,0,0,0,0,0,0,0,0,3,0,0,0,0,0,0,0,4,0,0,0,0,0,0,0,0,0,0,0,0,0,1,0,0,0,0,0,0,0,0,0,0,0,0,0,0,0,0,0,0,0,0,14,0
SHL-50,2012,0,0,460,0,0,0,0,0,3,0,0,0,0,0,0,0,0,0,0,41,0,0,0,1,0,0,0,0,0,0,0,0,0,0,0,0,0,0,0,0,0,0,0,0,0,0,0,0,0,0,0,0,0,2,1,0,0,0,0,0,0,1,0,0,0,0,0,0,0,0,0,0,0,0,0,0,0,0,0,1,0,0,0,0,0,0,0,0,0,0,0,0,0,0,0,0,6,1
SHL-50,2014,0,0,130,0,0,0,0,0,16,0,0,0,0,0,0,0,0,1,0,182,0,0,0,0,0,0,0,0,0,0,1,1,0,0,0,0,0,0,0,0,0,0,0,0,0,0,0,0,0,0,0,0,0,0,0,0,1,0,0,0,0,1,0,0,0,0,0,0,1,0,0,0,0,0,0,0,0,0,0,6,0,0,0,0,0,0,0,0,0,0,0,0,0,0,0,2,9,0
SHR-19,2008,0,0,109,12,0,0,0,4,0,0,0,0,0,0,0,0,0,1,0,43,0,0,0,0,0,0,0,0,3,0,0,0,0,0,0,0,0,0,0,0,0,0,0,0,0,0,0,0,0,0,0,0,0,0,2,0,0,0,0,0,0,0,0,0,0,0,0,0,0,1,0,0,1,0,0,0,0,0,0,1,0,0,0,0,0,0,0,0,0,0,0,0,0,0,0,0,206,0
SHR-19,2010,0,1,198,18,0,0,0,0,0,0,3,0,0,1,0,0,0,2,0,111,0,0,0,0,0,0,0,0,0,0,0,0,0,0,0,0,0,0,0,0,0,0,0,0,0,0,0,0,0,0,0,0,0,1,0,0,0,0,0,0,0,0,0,0,0,0,0,0,0,0,0,0,0,0,0,1,0,0,35,0,0,0,0,0,0,0,0,0,0,0,0,0,0,0,0,0,50,0
SHR-19,2012,0,0,7,75,0,0,0,0,0,0,0,0,0,0,0,0,0,0,0,200,0,0,0,2,0,0,0,0,0,0,0,0,0,0,0,0,0,0,0,0,0,0,0,0,0,0,0,0,0,0,0,0,0,0,1,0,0,0,0,0,0,0,0,0,0,0,0,0,0,0,0,0,0,0,0,0,0,0,0,11,0,0,0,0,0,0,0,0,0,0,0,0,0,1,0,0,40,1
SHR-19,2014,0,0,16,1,0,0,0,0,1,0,1,0,0,0,0,0,0,0,0,270,0,0,0,0,0,0,0,0,0,0,0,0,0,0,0,0,0,0,0,0,0,0,0,0,0,0,0,0,0,0,0,0,0,0,0,0,0,0,0,0,0,0,0,0,0,0,0,0,0,0,0,0,0,0,0,0,0,0,0,14,0,0,0,0,0,0,0,0,0,0,0,0,0,0,0,0,37,1
SHR-20,2008,0,0,238,0,0,0,0,1,0,0,0,0,0,0,0,0,0,0,0,82,0,0,0,0,0,0,0,0,1,0,0,0,1,0,0,0,0,0,0,0,0,0,0,0,0,0,0,0,0,0,0,0,0,0,0,0,0,0,0,0,0,0,0,0,0,0,0,0,0,0,0,0,0,0,0,0,0,0,0,1,0,0,0,0,0,0,0,0,0,0,0,0,0,0,0,0,17,0
SHR-20,2010,0,0,309,1,0,0,0,0,0,0,0,0,0,0,0,0,0,0,0,15,0,0,0,0,0,0,0,0,0,0,0,0,0,0,0,0,0,0,0,0,0,0,0,0,0,0,0,0,0,0,0,0,0,0,0,0,0,0,0,0,0,0,0,0,0,0,0,0,0,0,0,0,0,0,0,0,0,0,4,0,0,0,0,0,0,0,0,0,0,0,0,0,0,0,0,0,25,0
SHR-20,2012,0,0,138,11,0,0,0,0,0,0,0,0,0,0,0,0,0,0,0,64,0,0,0,0,0,0,0,0,0,0,0,0,0,0,0,0,0,0,0,0,0,0,0,0,0,0,0,0,0,0,0,0,0,0,0,0,0,0,0,0,0,0,0,0,0,0,0,0,0,0,0,0,0,0,0,0,0,0,0,20,0,0,0,0,0,0,0,0,0,0,0,0,0,0,0,0,100,0
SHR-20,2014,0,0,351,0,0,0,0,0,0,0,0,0,0,0,0,0,0,0,0,4,0,0,0,0,0,0,0,0,0,0,0,0,0,0,0,0,0,0,0,0,0,0,0,0,0,0,0,0,0,0,0,0,0,0,0,0,0,0,0,0,0,0,0,0,0,0,0,0,0,0,0,0,0,0,0,0,0,0,0,1,0,0,0,0,0,0,0,0,0,0,0,0,0,0,0,0,17,0
SXM-103,2009,0,1,14,0,0,0,0,0,48,0,0,0,0,0,0,0,0,0,0,144,0,0,0,13,0,0,0,0,0,0,0,0,0,0,0,0,0,0,0,0,0,0,0,0,0,0,0,0,0,0,0,0,20,0,0,0,0,0,0,0,0,0,0,0,0,0,0,0,0,0,0,0,0,0,0,0,1,0,0,1,0,0,0,0,0,0,0,0,0,0,0,0,0,0,0,0,69,4
SXM-103,2011,0,0,29,0,0,0,0,0,29,0,0,0,0,0,0,0,0,1,0,84,0,0,0,1,0,0,0,0,0,0,0,0,1,12,0,0,0,0,0,0,0,0,0,0,0,1,0,0,0,0,0,0,3,0,0,0,1,0,0,0,0,0,0,0,0,0,0,0,0,0,0,0,0,0,0,1,1,0,0,0,0,0,0,0,0,0,0,0,0,0,0,0,0,0,0,0,242,7
SXM-103,2013,0,3,50,0,0,0,0,0,9,0,0,0,0,0,0,0,0,0,0,139,0,0,0,0,0,0,0,0,2,0,0,0,0,0,0,0,0,0,0,0,0,0,0,0,0,0,0,0,0,0,0,0,11,0,3,0,1,0,0,0,0,0,0,0,0,0,0,0,0,0,0,0,0,0,0,0,0,0,0,0,0,0,0,0,0,0,0,0,0,0,0,0,0,0,0,1,115,4
SXM-105,2009,0,1,1,0,0,0,0,0,98,0,0,0,0,0,0,0,0,0,0,147,0,0,0,28,0,0,0,0,1,0,0,13,8,2,3,0,6,0,0,0,0,0,0,0,0,5,0,0,0,0,0,0,7,43,4,0,0,0,0,0,0,1,0,0,0,4,0,0,0,0,0,0,0,0,0,0,0,0,0,0,0,0,0,0,0,0,0,0,0,0,0,0,0,0,0,0,4,0
SXM-105,2011,0,1,2,0,0,0,0,0,28,0,0,0,0,0,0,0,0,0,0,150,0,0,0,11,0,0,0,0,3,0,0,1,1,2,5,0,7,0,0,0,0,0,0,0,0,3,0,0,0,0,0,0,3,90,1,0,1,0,0,3,0,0,0,0,1,1,0,0,0,0,0,0,0,0,0,0,0,0,0,1,0,0,0,0,0,0,0,0,0,0,0,0,0,0,0,0,14,0
SXM-105,2013,0,5,1,0,0,0,0,0,55,0,0,0,0,0,0,0,0,1,0,179,0,0,0,3,0,0,0,0,16,0,0,3,0,2,6,0,1,0,0,0,0,0,0,0,2,0,1,0,0,2,0,0,2,15,1,0,1,0,0,0,0,0,0,1,0,0,0,0,0,0,0,0,0,0,0,0,0,0,0,3,0,0,0,0,0,0,0,0,0,1,0,0,0,0,0,5,6,3
SXM-107,2005,0,0,2,2,0,0,0,0,20,0,0,0,0,0,0,0,0,0,0,30,0,0,0,0,0,0,0,0,5,0,0,2,6,0,0,0,0,0,0,0,0,0,0,0,0,0,0,0,0,0,0,0,0,49,0,0,0,0,0,0,0,0,0,0,0,0,2,0,0,0,0,0,0,0,0,0,0,0,0,49,0,0,0,0,0,0,0,0,0,0,0,0,0,0,0,0,113,0
SXM-107,2009,0,0,6,0,0,0,0,0,20,0,0,0,0,0,0,0,0,0,0,265,0,0,0,0,0,0,0,0,3,0,0,0,5,0,0,0,1,0,0,0,0,0,0,0,0,0,1,0,0,0,0,0,0,0,0,0,0,0,0,0,0,0,0,0,0,0,1,0,0,0,0,0,0,0,0,0,0,0,0,5,0,0,0,0,0,0,0,0,0,0,0,0,0,0,0,0,26,0
SXM-107,2011,0,0,1,0,0,0,0,0,29,0,0,0,0,0,0,0,0,0,0,223,0,0,0,0,0,0,0,0,1,0,0,1,6,0,0,0,0,0,0,0,0,0,0,0,0,0,0,0,0,0,0,0,0,3,0,0,0,0,0,0,0,0,0,0,0,0,0,0,0,0,0,0,0,0,0,0,0,0,0,2,0,0,0,0,0,0,0,0,0,0,0,0,0,0,0,0,1,0
SXM-107,2013,0,0,17,0,0,0,0,0,2,0,0,0,0,0,0,0,0,1,0,322,0,0,0,1,0,0,0,0,0,0,0,0,0,0,0,0,0,0,0,0,0,0,1,0,0,0,0,0,0,0,0,0,0,2,0,0,0,0,0,0,0,0,0,0,0,0,0,0,0,0,0,0,0,0,0,0,0,0,0,1,0,0,0,0,0,0,0,0,0,0,0,0,0,0,0,1,2,0
SXM-108,2005,0,0,5,0,0,0,0,0,50,0,0,0,0,0,0,0,0,0,0,158,0,0,0,0,0,0,0,0,0,0,0,0,22,40,0,0,0,0,0,0,0,0,0,0,0,3,0,0,0,0,0,0,2,121,3,0,1,0,0,0,0,0,0,0,0,1,1,0,0,0,0,0,0,0,0,0,0,0,1,1,0,0,0,2,0,0,0,0,0,0,0,0,0,1,0,0,2,0
SXM-108,2009,0,1,79,0,0,0,0,0,4,0,0,0,0,0,0,0,0,0,0,188,0,0,0,4,0,0,0,0,0,0,0,0,48,3,4,0,2,0,0,0,0,0,0,0,0,2,0,0,0,0,0,0,0,2,3,0,0,0,0,0,0,1,0,0,0,0,0,0,0,0,0,0,0,0,0,0,0,0,0,0,0,0,0,0,0,0,0,0,0,0,0,0,0,0,0,0,1,0
SXM-108,2011,0,1,3,0,0,0,0,0,27,0,0,0,0,0,5,0,0,2,0,84,0,0,0,2,0,0,0,0,0,0,0,0,15,62,11,2,12,1,0,0,0,0,0,0,0,1,0,0,0,0,0,0,1,5,0,0,1,0,0,0,0,0,0,0,0,0,0,0,0,0,0,0,0,0,0,0,0,0,0,2,0,0,0,0,0,0,0,0,0,0,0,0,0,0,0,0,0,5
SXM-108,2013,0,1,120,0,0,0,0,0,22,0,0,0,0,0,3,0,0,2,0,135,0,0,0,0,0,0,0,0,0,0,0,1,28,6,7,0,0,0,0,0,0,0,0,0,0,0,0,0,0,0,0,0,1,3,1,0,0,0,0,1,0,0,0,0,0,0,0,0,0,0,0,0,0,0,0,0,0,0,0,0,0,0,0,0,0,0,0,0,0,0,0,0,0,0,0,0,0,4
SXM-113,2005,0,1,79,1,0,0,0,0,0,0,1,0,1,0,0,0,0,1,0,31,0,0,0,5,0,0,0,0,0,0,0,7,2,6,0,0,0,0,0,0,0,0,0,0,0,0,0,0,0,0,0,0,0,7,5,0,3,1,0,0,0,0,0,0,0,0,0,0,0,0,0,0,0,0,0,0,0,0,0,0,0,3,0,0,0,0,0,0,0,0,0,0,0,0,0,0,554,2
SXM-113,2009,0,0,0,0,0,0,0,0,0,0,0,0,0,0,0,0,0,0,0,70,0,0,0,1,0,0,0,0,0,0,0,0,0,0,0,0,0,0,0,0,0,0,0,0,0,0,0,0,0,0,0,0,0,25,2,0,0,0,0,0,0,0,0,0,0,0,0,0,0,0,0,0,2,0,0,0,0,0,0,0,0,1,0,0,0,0,0,0,0,0,0,0,0,0,0,0,65,0
SXM-113,2011,0,4,31,0,0,0,0,0,16,0,0,0,0,0,0,0,0,3,0,320,0,0,0,0,0,0,0,0,1,0,0,0,0,4,0,0,0,0,0,0,0,0,0,0,0,0,0,0,0,0,0,0,0,4,1,0,4,0,0,0,0,0,0,0,0,0,0,0,0,0,0,0,0,0,0,0,0,0,0,0,0,12,0,0,0,0,0,0,0,0,0,0,0,0,0,0,15,1
SXM-113,2013,0,1,92,0,0,0,0,2,4,0,0,0,0,0,0,0,0,2,0,236,0,0,0,0,0,0,0,0,0,0,0,0,0,0,0,0,0,0,0,0,0,0,0,0,0,0,0,0,0,0,0,0,0,3,2,0,0,0,0,0,0,0,0,0,0,0,0,0,0,0,0,0,0,0,0,0,1,0,0,0,0,4,0,0,0,0,0,0,0,0,0,0,1,0,0,0,13,10
SXM-131,2005,0,0,13,0,0,0,0,0,15,1,0,0,3,0,2,0,0,0,0,148,0,0,0,0,0,0,0,0,1,0,0,0,1,22,0,0,0,0,0,0,0,0,0,0,0,0,0,0,0,0,0,0,0,86,0,0,1,0,0,0,0,0,0,0,0,0,0,0,0,12,0,0,0,0,1,0,0,0,0,0,0,1,0,0,0,0,0,0,0,0,0,0,0,0,8,0,0,2
SXM-131,2009,0,0,14,0,0,0,0,1,12,1,0,0,1,0,0,0,0,6,0,169,0,0,0,17,0,0,0,0,4,0,0,3,3,3,0,0,0,0,0,0,0,0,0,0,0,0,0,0,0,0,0,0,0,5,0,0,1,1,0,0,0,0,0,0,0,0,0,0,0,6,0,0,0,0,0,0,0,0,11,0,0,0,0,0,0,1,0,0,0,0,0,0,0,0,0,0,0,8
SXM-131,2011,0,0,16,0,0,0,0,0,18,0,0,0,0,0,3,0,0,2,0,269,0,0,0,3,0,0,0,0,4,1,0,0,3,5,0,0,0,0,0,0,0,0,0,0,0,1,0,0,0,0,0,0,0,1,5,0,0,0,0,0,0,0,0,0,0,0,0,0,1,1,0,0,0,0,0,0,0,1,0,0,0,2,0,0,0,0,0,0,0,0,0,0,1,0,0,0,0,6
SXM-131,2013,0,2,5,0,0,0,0,0,17,0,0,0,0,0,1,0,0,18,0,178,0,0,0,7,0,0,0,0,0,0,0,0,0,7,0,0,0,0,0,0,0,0,0,0,0,0,0,0,0,0,0,0,2,0,0,0,2,0,0,0,0,0,0,0,0,0,0,0,0,4,0,0,0,0,0,0,0,0,0,0,0,0,0,0,0,0,0,0,0,0,0,0,0,0,0,2,0,63
SXM-144,2005,0,0,6,0,0,0,0,0,36,0,0,0,0,0,3,0,0,0,0,152,0,0,0,1,0,0,0,0,0,0,0,0,0,13,0,0,2,0,0,0,0,0,0,0,0,0,0,0,0,0,0,0,0,25,0,0,0,0,0,0,0,0,0,0,0,0,0,0,0,4,0,0,0,0,2,0,1,0,0,34,7,2,0,2,1,0,0,0,0,0,0,0,0,6,0,0,40,5
SXM-144,2009,0,3,13,0,0,0,0,0,44,0,0,0,0,0,0,0,0,5,0,166,0,0,0,0,0,0,0,0,1,0,0,1,0,1,0,0,5,0,0,0,0,0,0,0,0,1,0,0,0,0,0,0,0,2,0,0,0,0,0,0,0,0,0,0,0,0,0,0,0,1,0,0,0,0,0,0,0,0,0,39,4,0,0,0,0,0,0,0,0,0,0,0,0,0,0,0,22,11
SXM-144,2011,0,4,13,0,0,0,0,0,45,0,0,0,0,0,2,0,0,4,0,206,0,0,0,2,0,1,0,0,0,0,0,7,0,2,0,0,0,0,0,0,0,0,0,0,0,0,0,0,0,0,0,0,0,0,0,0,1,0,0,0,0,0,0,0,0,0,0,0,0,2,0,0,0,0,0,0,0,0,0,0,2,0,0,0,0,0,0,0,0,1,0,0,1,0,1,0,5,4
SXM-144,2013,0,0,23,0,0,0,0,1,17,0,2,0,0,0,0,0,0,3,0,251,0,0,0,0,0,0,0,0,0,0,0,0,0,3,0,0,0,0,0,0,0,0,0,0,0,0,0,0,0,0,0,0,0,0,0,0,0,0,0,0,0,0,0,0,0,0,0,0,0,0,0,0,0,0,0,0,0,0,0,3,1,0,0,2,0,0,0,0,0,1,0,0,0,0,0,3,6,0
SXM-151,2005,0,0,0,0,0,0,0,0,47,0,0,0,0,0,8,0,7,0,0,12,0,0,0,1,0,0,0,0,0,0,0,2,23,109,0,5,1,0,0,0,0,0,0,0,0,5,0,0,0,0,0,0,13,42,8,0,7,0,0,2,0,0,0,0,0,1,0,0,3,1,0,0,0,0,0,0,0,0,0,0,0,1,0,0,0,0,0,0,0,0,0,0,0,11,0,0,0,0
SXM-151,2009,0,1,13,0,0,0,0,0,24,0,0,0,0,0,3,0,0,13,0,219,0,0,0,1,0,0,0,0,0,0,0,0,9,6,2,4,16,0,0,0,0,0,0,0,0,15,0,0,0,0,0,0,1,11,0,0,0,0,1,0,0,0,0,0,0,0,0,0,0,1,0,0,0,0,0,0,0,0,0,0,0,0,0,0,0,0,0,0,0,0,0,0,0,0,0,0,0,0
SXM-151,2011,0,0,8,0,0,0,0,0,94,0,0,0,0,0,3,0,0,23,0,28,0,0,0,7,0,0,0,0,0,1,0,0,6,68,7,2,2,1,0,0,0,0,0,0,0,9,0,0,0,0,0,0,7,5,0,0,11,0,0,5,0,0,0,0,0,1,0,0,0,0,0,0,0,0,0,0,0,0,0,1,0,0,0,0,0,0,0,0,0,0,0,0,0,0,0,0,1,3
SXM-151,2013,0,0,24,0,0,0,0,0,33,0,0,0,0,0,4,0,0,7,0,134,0,0,0,1,0,0,0,0,0,0,0,0,43,34,10,3,3,1,0,0,0,0,0,0,0,2,0,0,0,0,0,0,5,3,1,0,5,0,0,1,0,0,0,0,0,0,0,0,0,3,0,0,0,0,0,0,0,0,0,0,0,0,0,0,0,0,0,0,0,0,0,0,0,0,0,2,1,3
SXM-152,2005,0,0,42,0,0,0,0,1,39,0,0,0,0,0,3,0,0,0,0,114,0,0,0,0,0,0,0,0,0,0,0,3,2,5,0,0,2,0,0,0,0,0,0,0,0,0,0,0,0,0,0,0,12,9,0,0,0,0,0,0,0,1,0,0,0,0,0,0,0,0,0,0,0,0,0,0,1,0,0,0,0,0,0,0,0,0,0,0,2,0,0,0,0,0,0,0,89,27
SXM-152,2009,0,1,90,0,0,0,0,1,60,0,0,0,0,0,0,0,0,1,0,110,0,0,0,7,0,0,0,0,0,0,0,1,6,0,0,0,2,0,0,1,0,0,0,0,0,0,5,0,0,0,0,0,2,22,0,0,0,2,0,0,0,0,0,0,0,0,0,0,0,0,0,0,0,0,0,1,1,0,0,0,0,0,0,0,0,0,0,0,0,0,0,0,0,0,0,0,12,7
SXM-152,2011,0,2,10,0,0,0,0,1,52,0,0,0,0,0,1,0,0,1,0,158,0,0,0,2,0,0,0,0,2,0,0,1,8,6,1,0,0,0,0,0,0,0,0,0,0,2,0,0,0,0,0,0,0,6,4,0,0,0,0,0,0,0,0,0,0,0,0,0,0,1,0,0,0,0,0,0,0,0,0,0,0,1,0,0,0,0,0,0,0,0,0,0,0,0,0,0,7,8
SXM-152,2013,0,2,25,0,0,0,0,0,14,0,0,0,0,0,0,0,0,1,0,224,0,0,0,0,0,0,0,0,28,0,0,0,11,5,0,0,1,0,0,0,0,0,0,0,0,0,0,0,0,0,0,0,0,10,0,0,0,0,0,0,0,0,0,0,1,0,0,0,0,0,0,0,0,0,0,0,0,0,0,0,0,0,0,0,0,0,0,0,0,0,0,0,0,0,0,1,10,4
SXM-205,2007,0,0,0,2,0,0,0,1,53,0,0,0,0,0,7,0,0,1,0,109,0,0,0,0,0,0,0,0,6,0,0,1,89,30,17,1,2,0,1,0,0,0,0,0,0,8,0,0,0,0,0,0,0,6,3,0,0,0,0,0,0,0,0,0,0,0,0,0,0,2,0,0,0,0,0,0,0,0,0,0,0,0,0,0,0,0,0,0,0,0,0,0,0,0,0,0,1,1
SXM-205,2008,0,0,3,0,0,0,0,16,45,0,1,0,2,0,0,0,0,8,0,124,0,0,0,0,0,0,0,0,35,0,1,0,23,62,6,1,5,0,1,0,0,0,0,0,0,5,0,0,0,0,0,0,0,0,0,0,1,0,0,1,0,0,0,0,0,0,0,0,0,1,0,0,0,0,0,0,0,0,0,0,0,1,0,0,0,0,0,0,0,0,0,0,0,0,0,0,0,0
SXM-205,2009,0,0,1,0,0,0,0,0,16,0,0,0,0,0,1,0,0,1,0,173,0,0,1,9,0,0,0,0,2,0,0,1,3,47,0,1,5,0,0,0,0,0,0,0,0,11,0,0,0,0,0,0,2,33,0,0,1,0,0,0,0,0,0,0,0,1,0,0,0,0,0,0,0,0,0,0,0,0,0,0,0,0,0,2,0,0,0,0,0,0,0,0,0,0,0,0,0,0
SXM-205,2013,0,3,16,0,0,0,0,0,1,0,0,0,0,0,0,0,0,0,0,244,0,0,0,1,0,0,0,0,7,0,0,0,14,14,0,0,0,0,0,0,0,0,0,0,0,7,0,0,0,0,0,0,0,3,4,0,1,0,0,0,0,0,0,0,0,0,0,0,0,0,0,0,0,0,0,0,0,0,0,0,0,2,0,0,0,0,0,0,0,0,0,0,0,0,0,0,2,1
SXM-216,2009,0,6,18,1,0,0,0,0,23,0,0,0,0,0,3,0,0,8,0,163,0,0,0,13,0,0,0,0,1,0,0,3,1,3,7,2,10,0,7,0,0,0,0,0,0,2,0,0,0,0,0,0,8,30,0,0,1,0,0,2,0,0,0,0,0,0,0,0,0,0,0,0,0,0,0,2,0,0,0,0,0,0,0,0,0,0,0,0,0,0,0,0,0,0,0,0,5,1
SXM-216,2011,0,0,10,0,0,0,0,0,67,0,0,0,0,0,3,0,0,15,0,110,0,0,0,6,0,0,0,0,5,0,0,1,3,3,12,0,2,0,0,0,0,0,0,0,0,1,0,0,0,0,0,0,3,7,1,0,0,0,0,2,0,0,0,0,0,0,0,0,0,0,0,0,0,0,0,0,0,0,0,0,0,0,0,1,0,0,0,0,0,0,0,0,0,0,0,0,37,27
SXM-216,2013,0,1,44,0,0,0,0,0,19,0,0,0,0,0,6,0,0,2,0,210,0,0,1,0,0,0,0,0,5,0,0,0,0,3,3,1,1,0,1,0,0,0,0,0,0,2,0,0,0,0,0,0,8,3,0,0,2,0,0,0,0,0,0,0,0,0,0,0,0,0,0,0,0,0,0,0,0,0,0,0,0,0,0,0,0,0,0,0,0,0,0,0,0,0,0,2,7,3
SXM-255,2009,0,0,7,0,0,0,0,2,3,0,1,0,0,0,0,0,0,2,0,107,0,0,0,0,0,0,0,0,9,0,0,0,3,1,0,0,0,0,0,0,0,0,0,0,0,0,0,0,0,0,0,0,0,0,0,0,0,0,0,0,0,0,0,0,0,0,0,1,0,1,0,0,0,0,0,0,2,0,0,0,0,4,0,1,0,0,0,0,0,0,0,0,2,0,0,0,264,0
SXM-255,2011,0,0,18,0,0,0,0,0,13,0,0,0,0,0,0,0,0,3,0,134,0,0,0,0,0,1,0,0,12,0,0,1,0,6,0,0,0,0,0,0,0,0,0,0,0,0,0,0,0,0,0,0,0,2,0,0,0,0,0,0,0,0,0,0,0,0,0,0,0,0,0,0,0,0,0,0,0,0,0,0,0,1,0,0,0,0,0,0,0,0,0,0,0,0,0,0,13,0
SXM-255,2013,0,4,16,0,0,0,0,0,10,0,0,0,0,0,0,0,0,3,0,188,0,0,0,1,0,0,0,0,30,0,0,0,2,2,0,0,0,0,0,0,0,0,0,0,0,0,0,0,0,0,0,0,0,0,3,0,0,0,0,0,0,0,0,0,0,0,0,0,0,2,0,0,0,0,0,0,0,0,0,0,0,0,0,0,0,0,0,0,0,0,0,0,0,1,0,6,42,5
SXM-281,2009,0,0,7,0,0,0,0,1,4,2,0,0,0,0,0,0,0,3,0,235,0,0,0,1,0,0,1,0,3,0,10,6,4,0,0,0,0,0,0,0,0,0,0,0,23,0,0,0,0,0,0,0,0,5,0,0,0,3,0,0,0,0,0,0,2,0,5,0,0,0,0,0,0,0,0,0,0,0,0,0,0,2,0,0,0,0,0,0,0,0,0,0,0,0,0,0,1,1
SXM-281,2011,0,0,4,0,0,0,0,0,0,0,0,0,0,0,0,0,0,7,0,240,0,0,0,0,0,0,0,0,2,0,3,3,4,0,0,0,0,0,0,0,0,0,0,0,11,0,5,0,0,0,2,0,0,6,0,0,0,0,0,0,0,1,0,0,1,0,3,0,0,0,0,0,0,0,0,0,0,0,0,0,0,0,0,0,0,0,0,0,0,0,0,0,0,0,0,0,5,0
SXM-281,2012,0,3,2,0,0,1,0,2,0,0,0,0,0,0,0,0,0,4,0,184,0,0,0,0,0,0,0,0,4,0,0,2,10,0,0,0,0,0,0,0,0,0,0,2,71,0,0,0,0,0,0,0,0,5,0,0,0,0,0,0,0,0,0,1,0,0,0,0,0,0,0,0,0,0,0,0,0,0,0,0,0,0,0,0,0,0,0,0,0,0,0,0,0,0,0,2,5,3
SXM-281,2013,0,0,3,0,0,0,0,0,2,0,0,0,0,0,0,0,0,4,0,229,0,0,0,0,0,1,0,0,17,0,0,2,1,0,0,0,0,0,0,0,0,1,0,0,19,1,0,0,0,0,0,0,0,7,0,1,0,1,0,0,0,0,0,3,7,0,1,0,0,0,0,0,0,0,0,0,0,0,0,0,0,0,0,0,0,0,0,0,0,0,0,0,0,2,0,7,1,2
SXM-30,2005,0,0,13,0,0,0,1,0,32,0,0,0,0,0,0,0,0,0,0,136,0,0,0,2,0,0,0,0,2,0,0,2,31,79,0,0,8,0,0,1,0,0,0,0,0,4,0,0,0,0,3,0,5,54,0,0,4,1,0,1,0,1,0,0,0,4,0,0,0,0,0,0,2,0,0,0,0,0,0,0,0,1,0,0,0,0,0,0,0,0,0,0,1,0,0,0,0,2
SXM-30,2009,0,8,8,1,0,0,0,0,33,0,0,0,0,0,0,0,0,1,0,78,0,0,0,12,0,0,0,0,1,0,0,32,10,0,12,0,0,0,0,0,0,0,0,0,3,2,1,0,0,0,0,0,7,84,0,0,5,1,0,0,0,0,0,2,0,1,0,0,0,0,0,0,0,0,0,0,0,0,0,0,0,2,0,0,0,0,0,0,0,0,0,0,0,0,0,0,0,2
SXM-30,2011,0,1,3,0,0,0,0,0,12,0,0,0,0,0,1,0,0,0,0,99,0,0,0,2,0,0,0,0,1,0,0,30,13,0,5,0,7,0,0,0,0,0,0,0,0,0,1,0,0,1,0,0,2,129,0,0,5,0,0,1,0,1,0,3,0,0,1,0,0,0,0,0,0,0,0,0,0,0,0,1,0,1,0,0,0,0,0,0,0,0,0,0,0,0,0,0,0,0
SXM-30,2013,0,2,6,0,0,0,0,0,12,0,0,0,0,0,0,0,0,0,0,162,0,0,0,4,0,0,0,0,12,1,0,8,4,0,12,0,8,0,3,1,0,0,0,0,4,1,2,0,0,0,0,0,18,40,0,0,4,1,0,1,0,1,0,0,2,1,0,0,0,0,0,0,0,0,0,0,0,0,0,0,0,17,0,0,0,0,0,0,0,0,0,0,0,0,0,24,0,1
SXM-314,2005,0,1,29,0,0,0,0,1,34,0,0,0,0,0,0,0,0,0,0,113,0,0,0,1,0,0,0,0,3,0,4,36,8,0,0,0,0,0,0,0,0,0,1,0,0,0,0,0,0,1,0,0,0,79,0,0,0,0,0,0,0,0,0,0,0,0,0,0,0,0,0,0,0,0,0,0,0,0,1,0,0,0,0,0,0,0,0,0,0,0,0,0,1,1,0,0,1,3
SXM-314,2009,0,2,9,0,0,0,0,0,4,0,0,0,0,0,0,0,0,1,0,274,0,0,0,0,0,0,0,0,5,0,4,0,0,0,0,0,0,0,0,0,0,0,0,0,0,0,1,0,0,0,0,0,0,2,1,0,0,2,0,0,0,0,0,0,0,0,0,0,0,0,0,0,0,0,0,0,1,0,0,0,0,0,0,0,0,0,0,0,0,0,0,0,0,0,0,0,0,10
SXM-314,2011,0,4,2,0,0,0,0,0,14,0,3,0,0,0,0,0,0,6,0,257,0,0,0,0,0,0,0,0,1,0,1,0,3,0,0,0,0,0,0,0,0,0,0,0,1,0,0,0,0,0,0,0,0,0,1,0,0,0,0,0,0,0,0,0,0,0,0,0,0,0,0,0,0,0,0,0,0,0,0,0,0,0,0,0,0,0,0,0,0,0,0,0,0,0,0,0,0,0
SXM-314,2013,0,14,63,0,0,0,0,0,8,0,0,0,0,0,0,0,0,11,0,180,0,0,0,0,0,0,1,0,3,1,1,2,0,0,0,0,0,0,0,0,0,0,0,1,0,0,1,0,0,0,0,0,0,0,0,0,1,0,0,0,0,0,0,0,0,0,0,0,0,0,0,0,0,0,0,0,0,0,0,1,0,0,0,0,0,0,0,0,0,0,0,0,0,0,0,9,0,14
SXM-347,2005,0,0,18,3,0,0,0,0,98,0,0,0,0,0,0,0,0,0,0,84,0,0,0,2,0,0,0,0,0,0,1,3,0,0,0,0,0,0,0,0,0,0,0,0,0,0,0,0,0,0,0,0,0,126,0,0,0,0,0,0,0,0,0,0,0,0,0,0,0,0,0,0,0,0,0,0,0,0,0,0,0,3,0,2,0,0,0,0,0,0,0,0,0,0,0,0,25,5
SXM-347,2009,0,2,21,1,0,0,0,2,59,0,0,0,0,0,0,0,0,0,0,242,0,0,0,0,7,0,0,0,1,0,1,2,3,0,0,0,0,0,0,0,0,0,0,0,0,0,0,0,0,0,0,0,0,5,0,0,0,1,0,0,0,0,0,0,0,0,0,0,1,0,0,0,0,0,0,0,0,0,0,0,0,0,0,0,0,0,0,0,0,0,0,0,0,0,0,0,16,20
SXM-347,2011,0,0,30,0,0,0,0,0,63,0,0,0,0,0,0,0,0,3,0,202,0,0,0,0,0,0,0,0,3,1,0,1,0,1,0,0,0,0,0,0,0,0,0,0,0,0,1,0,0,0,0,0,0,1,0,0,2,1,0,0,0,0,0,0,0,0,0,0,0,0,0,0,0,0,0,0,0,0,0,0,0,1,0,0,0,0,0,0,0,0,0,0,1,0,0,0,1,16
SXM-347,2013,0,2,52,0,0,0,0,0,15,0,0,0,0,0,0,0,0,2,0,240,0,0,0,0,0,0,0,0,6,0,0,0,0,0,0,0,0,0,0,0,0,0,0,0,0,0,11,0,0,0,0,0,0,0,0,0,1,0,0,0,0,0,0,0,0,0,0,0,1,1,0,0,0,0,0,0,0,0,0,0,0,0,0,0,0,0,0,0,0,0,0,0,0,0,0,4,1,6
SXM-349,2005,0,1,15,0,0,0,0,0,146,0,0,0,0,0,0,0,0,0,0,87,0,0,0,0,0,0,0,0,1,0,0,29,8,1,0,1,4,0,0,0,0,0,0,0,0,1,0,0,0,0,0,0,3,135,2,0,2,0,0,6,0,0,0,0,0,6,3,2,2,0,0,0,0,0,0,0,0,0,0,0,0,0,0,12,0,0,0,0,1,0,0,0,0,3,0,0,4,3
SXM-349,2007,0,1,21,0,0,0,0,0,97,0,0,0,0,0,0,0,0,0,0,102,0,0,0,3,0,0,0,0,1,0,0,1,0,0,9,0,6,0,0,0,0,0,0,0,1,1,0,0,0,0,1,0,27,13,0,0,3,2,0,0,0,0,0,0,4,2,0,0,0,0,0,0,0,0,0,0,0,0,0,0,0,0,0,0,0,0,0,0,0,0,0,0,0,0,0,0,3,8
SXM-349,2008,0,1,3,0,0,0,0,1,94,0,0,0,0,0,0,0,0,5,0,183,0,0,0,4,0,0,0,0,2,0,1,7,3,0,16,0,16,0,0,1,0,0,0,0,0,18,0,0,0,0,0,0,2,8,0,0,2,1,0,0,0,0,0,0,0,0,0,2,2,0,0,0,0,0,0,0,0,0,0,0,0,0,0,0,0,0,0,0,0,0,0,0,0,0,0,0,2,3
SXM-349,2009,0,1,17,0,0,0,0,0,45,0,0,0,0,0,0,0,0,3,0,175,0,0,0,8,0,0,0,0,0,0,1,5,1,0,2,0,11,0,0,0,0,0,0,0,0,0,1,0,0,0,0,0,2,13,0,0,0,1,0,0,0,0,0,0,0,1,2,0,0,0,0,0,0,0,0,0,0,0,0,0,0,0,0,0,0,0,0,0,0,0,0,0,0,0,0,0,12,11
SXM-349,2011,0,0,5,0,0,0,1,0,174,0,0,0,0,0,0,0,0,5,0,96,0,0,0,14,0,0,0,0,0,0,1,6,4,0,2,0,4,0,0,0,0,0,0,0,0,1,0,0,0,0,0,0,3,15,1,0,4,0,0,2,0,0,0,0,0,2,0,0,0,0,0,0,0,0,0,0,0,0,0,0,0,0,0,0,0,0,0,0,0,0,0,0,0,0,0,0,0,10
SXM-349,2013,0,7,66,0,0,0,0,0,90,0,0,0,0,0,0,0,0,3,0,169,0,0,0,0,0,0,0,0,2,0,3,1,1,0,0,0,0,0,0,0,0,1,0,0,0,0,0,0,0,0,0,0,0,3,0,0,0,0,0,0,0,0,0,0,0,0,0,0,0,0,0,0,0,0,0,0,0,0,0,0,0,0,0,0,0,0,0,0,0,0,0,0,0,0,0,8,2,2
SXM-378,2005,0,0,1,3,0,0,0,1,4,0,0,0,0,0,0,0,0,0,0,22,0,0,0,1,0,0,0,0,2,0,0,6,28,0,0,0,0,0,0,0,0,0,0,0,0,0,0,0,0,0,0,0,0,37,0,0,0,0,0,0,0,0,0,0,0,0,0,0,0,0,0,0,0,0,0,0,0,0,4,77,2,0,0,0,0,0,0,0,0,0,0,0,0,0,0,0,147,0
SXM-38,2005,0,0,3,10,0,0,0,0,138,0,0,0,0,0,6,0,0,0,0,51,0,0,0,0,0,0,0,0,0,0,0,1,2,14,0,0,6,0,0,0,0,0,0,0,0,0,0,0,0,0,0,0,3,59,0,0,8,0,0,14,0,0,0,0,0,1,1,0,0,1,0,0,0,0,0,0,0,0,0,0,0,1,0,0,0,0,0,0,1,0,0,0,0,2,0,0,2,25
SXM-38,2009,0,0,6,1,0,0,0,0,45,0,0,0,0,0,6,0,0,0,0,135,0,0,0,1,0,0,0,0,11,0,1,1,15,12,0,0,0,0,1,0,0,0,0,0,0,5,0,0,0,0,0,0,1,10,1,0,0,0,0,0,0,0,0,0,0,0,0,0,0,0,0,0,0,0,0,0,0,0,2,0,0,0,0,0,0,0,0,0,0,0,0,0,0,0,0,0,6,49
SXM-38,2011,0,0,12,0,0,0,0,0,150,0,0,0,0,0,5,0,0,0,0,112,0,0,0,9,0,0,0,0,0,0,0,1,0,4,0,0,0,0,1,0,0,0,0,0,0,1,0,0,0,0,0,0,0,9,0,0,2,1,0,3,0,1,0,0,0,0,0,0,0,0,0,0,0,0,0,0,0,0,0,0,0,0,0,0,0,0,0,0,0,0,0,0,1,0,0,0,0,31
SXM-38,2013,0,3,44,0,0,0,0,0,33,0,0,0,0,0,10,0,0,0,0,147,0,0,0,2,0,0,0,0,6,0,0,1,3,6,0,0,0,0,0,0,0,0,0,0,0,4,0,0,0,0,0,0,0,7,1,0,0,0,0,1,0,0,0,0,0,0,0,0,0,0,0,0,0,0,0,0,0,0,0,0,0,0,0,0,0,0,0,0,0,1,0,0,0,0,0,1,5,28
SXM-381,2005,0,0,0,0,0,0,0,0,0,0,0,0,0,0,0,0,0,0,0,9,0,0,0,0,0,0,0,0,1,0,0,0,0,0,0,0,0,0,0,0,0,0,0,0,0,0,0,0,0,0,0,0,0,4,0,0,0,0,0,0,0,0,0,0,0,0,1,0,0,0,0,0,0,0,0,0,0,0,0,85,4,0,0,0,0,0,0,0,0,0,0,0,0,0,0,0,211,0
SXM-381,2009,0,0,15,0,0,0,0,0,1,0,0,0,0,0,0,0,0,0,0,281,0,0,0,0,0,0,0,0,2,0,0,1,3,0,0,0,0,0,0,0,0,0,0,0,0,0,0,0,0,0,0,0,0,2,0,0,0,0,0,0,0,0,0,0,0,0,0,0,0,0,0,0,0,0,0,0,0,0,0,1,0,0,0,0,0,0,0,0,0,0,0,0,0,0,0,0,14,0
SXM-381,2011,0,1,11,0,0,0,0,1,5,0,0,0,0,0,0,0,0,1,0,266,0,0,0,1,0,0,0,0,0,0,0,1,11,0,0,0,0,0,0,0,0,0,0,0,0,0,0,0,0,0,0,0,0,3,6,0,0,0,0,0,0,0,0,0,0,0,1,0,0,0,0,0,0,0,0,0,0,0,0,2,0,0,0,0,0,0,0,0,0,0,0,0,0,0,0,0,20,1
SXM-381,2013,0,1,54,0,0,0,0,0,9,0,0,0,0,0,0,0,0,5,0,219,0,0,0,1,0,0,0,0,0,0,0,1,0,0,0,0,0,0,0,0,0,0,0,0,0,0,0,0,0,0,0,0,0,6,0,0,0,0,0,0,0,0,0,0,0,0,2,0,0,0,0,0,0,0,0,0,0,0,0,2,9,0,0,0,0,0,0,0,0,0,0,0,0,0,0,0,4,1
SXM-40,2005,0,1,5,0,0,0,0,0,91,0,0,0,0,0,1,0,0,0,0,150,0,0,0,0,0,0,0,0,0,0,7,10,2,1,0,0,9,0,0,0,0,0,0,0,0,0,0,0,0,0,0,0,0,31,0,0,0,1,0,0,0,0,0,0,0,2,0,1,0,0,0,0,0,0,0,0,0,0,0,0,0,1,0,0,0,0,0,0,0,0,0,0,0,5,0,0,13,2
SXM-40,2009,0,1,5,0,0,0,0,5,44,0,0,0,0,0,0,0,0,1,0,193,0,0,0,5,0,0,0,0,4,0,3,1,7,27,0,0,10,0,0,5,0,0,0,0,0,0,0,0,0,0,0,0,0,7,0,0,1,3,0,0,0,0,0,0,0,1,0,0,1,1,0,0,0,0,0,0,0,0,0,0,0,0,0,0,0,0,0,0,1,0,0,0,0,0,0,0,1,4
SXM-40,2011,0,6,2,0,0,0,0,0,62,0,0,0,0,0,0,0,0,0,0,208,0,0,0,4,0,0,0,0,0,0,3,0,1,32,0,0,2,0,0,0,0,0,0,0,0,2,0,0,0,0,0,0,0,4,0,0,0,2,0,0,0,0,0,0,0,1,0,0,0,0,0,0,0,0,0,0,0,0,0,0,0,0,0,0,0,0,0,0,0,0,0,0,0,3,0,0,1,7
SXM-40,2013,0,1,3,0,0,0,0,0,18,0,0,0,0,0,0,0,0,2,0,288,0,0,0,0,0,0,0,0,1,0,0,1,1,8,0,0,3,0,0,1,0,1,0,0,0,0,1,0,0,0,0,0,0,2,0,0,0,0,0,0,0,0,0,0,3,0,0,0,0,0,0,0,0,0,0,0,0,0,0,0,0,0,0,0,0,0,0,0,0,0,0,0,0,0,0,0,1,3
SXM-431,2009,0,0,326,3,0,0,0,0,0,0,0,0,0,0,0,0,0,0,0,44,0,0,0,0,0,0,0,0,0,0,0,0,0,0,0,0,0,0,0,0,0,0,0,0,0,0,0,0,0,0,0,0,0,0,0,0,0,0,0,0,0,0,0,0,0,0,0,0,0,0,0,0,0,0,0,0,0,0,0,5,0,0,0,0,0,0,0,0,0,0,0,0,0,0,0,0,0,1
SXM-431,2011,0,0,190,0,1,0,0,0,0,0,0,0,0,0,0,0,0,6,0,102,0,0,0,2,0,0,0,0,1,0,0,0,0,0,0,0,0,0,0,0,0,0,0,0,0,0,0,0,0,0,0,0,0,0,0,0,0,0,0,0,0,0,0,0,0,0,0,0,0,0,0,0,0,0,0,0,0,0,0,15,0,0,0,0,0,0,0,0,0,0,0,0,0,0,0,0,0,0
SXM-431,2013,0,0,257,1,0,0,0,0,0,0,0,0,0,0,0,0,0,0,0,39,0,0,0,0,0,0,0,0,0,0,0,0,0,0,0,0,0,0,0,0,0,0,0,0,0,0,0,0,0,0,0,0,0,0,0,0,0,0,0,0,0,0,0,0,0,0,0,0,0,0,0,0,0,0,0,0,0,0,0,4,0,0,0,0,0,0,0,0,0,0,0,0,0,0,0,0,7,3
SXM-435,2009,0,1,6,1,0,0,0,0,63,0,0,0,0,0,5,0,0,1,0,159,0,0,0,5,0,0,0,0,3,0,0,2,42,2,0,0,0,0,1,0,0,0,0,0,0,18,0,0,0,0,0,0,0,6,3,0,0,0,0,0,0,0,0,0,0,0,0,0,0,0,0,0,0,0,0,0,0,0,0,0,0,0,0,0,0,1,0,0,0,0,0,0,0,0,0,0,5,19
SXM-435,2011,0,0,7,0,0,0,0,1,148,0,0,0,0,0,0,0,0,3,0,139,0,0,0,1,0,0,0,0,0,0,0,0,9,7,1,0,0,0,0,0,0,0,0,0,0,1,0,0,0,0,0,0,3,1,1,0,2,0,0,1,0,0,0,0,0,0,0,0,0,0,0,0,0,0,0,0,0,0,0,0,0,0,0,4,0,0,0,0,0,0,0,0,0,0,0,0,6,3
SXM-435,2013,0,8,23,0,0,0,0,0,30,0,0,0,0,0,1,0,0,0,0,204,0,0,0,1,0,0,0,0,20,0,0,0,1,2,0,0,0,0,0,0,0,0,0,0,0,1,0,0,0,0,0,0,0,2,3,0,1,0,0,0,0,0,0,0,0,0,0,0,0,0,0,0,0,0,0,0,0,0,0,0,0,0,0,2,0,0,0,0,0,0,0,0,0,0,0,1,1,15
SXM-437,2009,0,1,2,0,0,0,0,0,15,0,0,0,0,0,1,0,0,0,0,181,0,0,0,13,0,0,0,0,15,0,0,3,2,0,0,0,20,0,0,0,0,0,0,0,5,0,0,0,0,0,0,0,0,8,29,0,1,0,1,5,0,0,0,0,0,2,0,0,0,0,0,0,0,0,0,0,1,0,0,0,0,0,0,0,0,0,0,0,0,0,0,0,0,0,0,0,1,1
SXM-437,2011,0,2,5,0,1,0,0,0,28,0,0,0,0,0,1,0,0,6,0,123,0,0,0,10,0,0,0,0,5,0,0,5,0,6,0,0,3,0,0,0,0,0,0,0,0,0,0,0,0,0,0,0,0,1,0,0,2,0,1,0,0,0,0,0,0,1,1,0,1,0,0,0,0,0,0,0,0,0,0,0,0,0,0,0,0,0,0,0,0,0,0,0,0,0,0,0,0,9
SXM-437,2013,0,0,16,1,0,0,0,0,11,0,0,0,0,0,0,0,0,4,0,166,0,0,0,5,0,0,0,0,32,0,0,5,1,5,0,0,0,0,0,0,0,0,0,0,1,0,0,0,0,0,0,0,0,1,52,0,0,0,0,1,0,0,0,0,0,3,0,0,0,0,0,0,0,0,0,0,0,0,0,0,0,0,0,0,0,0,0,0,0,0,0,0,0,0,0,0,0,0
SXM-63,2005,0,0,8,0,0,0,0,0,76,0,0,0,0,0,0,0,0,0,0,48,0,0,0,0,0,0,0,0,0,0,0,5,40,3,0,7,2,0,0,0,0,0,0,37,0,5,0,0,0,0,0,0,1,5,1,0,5,0,0,29,0,6,0,0,0,29,0,0,0,0,0,0,2,0,0,0,2,0,0,0,0,0,0,0,0,0,0,0,0,0,0,0,0,0,0,0,0,0
SXM-63,2007,0,1,2,0,0,0,0,0,24,0,0,0,0,0,0,0,0,2,0,108,0,0,0,2,0,0,0,0,14,0,0,58,18,0,52,0,0,2,35,0,0,0,0,0,34,0,0,0,0,0,0,0,19,8,3,0,1,0,0,3,0,0,0,3,2,1,0,1,0,0,0,0,0,0,0,0,0,0,0,0,0,0,0,0,0,0,0,0,0,0,0,0,0,0,0,0,0,0
SXM-63,2008,0,0,6,0,0,0,0,0,39,0,0,0,0,0,0,0,0,0,0,53,0,0,0,1,0,0,0,0,1,0,0,28,50,0,27,0,0,6,34,0,0,0,0,0,4,2,4,0,0,0,0,0,3,21,4,0,0,0,0,1,0,0,0,1,0,4,0,0,0,0,0,0,0,0,0,0,0,0,0,0,0,0,0,0,0,0,0,0,0,0,0,0,0,0,0,0,0,0
SXM-63,2009,0,3,0,0,0,0,0,0,37,0,0,0,0,0,0,0,0,0,0,132,0,0,0,0,0,0,0,0,4,0,0,38,27,0,6,0,0,0,16,0,0,0,0,0,6,6,0,0,0,0,0,0,7,36,2,0,3,1,0,4,0,0,0,5,0,3,0,0,0,0,0,0,0,0,0,0,0,0,0,0,0,0,0,0,0,0,0,0,0,0,0,0,0,0,0,0,0,0
SXM-63,2011,0,3,1,0,0,0,0,0,27,0,0,0,0,0,0,0,0,1,0,203,0,0,0,6,0,0,0,0,19,0,0,16,0,0,6,0,5,2,5,0,0,0,0,0,2,2,0,7,0,0,0,0,1,10,2,0,1,0,0,11,0,1,0,0,0,1,0,0,0,0,0,0,0,0,0,0,0,0,0,0,0,0,0,0,0,0,0,0,0,0,0,0,0,0,0,0,0,0
SXM-63,2013,0,1,1,0,0,0,0,0,37,0,0,0,0,0,0,0,0,1,0,151,0,0,0,5,0,0,0,0,1,2,0,16,0,1,5,0,1,0,60,0,0,0,0,1,2,0,0,0,0,1,0,0,19,8,2,0,2,1,0,3,0,0,0,3,0,4,0,0,0,0,0,0,0,0,0,0,0,0,0,0,0,0,0,0,0,0,0,0,0,0,0,0,0,0,0,24,0,0
TUK-3,2008,0,0,24,33,0,0,0,0,0,0,0,0,0,0,0,0,0,1,0,212,0,0,0,1,0,0,0,1,0,0,0,0,0,1,0,0,0,0,0,0,0,0,0,0,0,0,0,0,0,0,0,0,0,0,0,0,0,0,0,0,0,0,0,0,0,0,0,0,0,0,0,0,0,0,1,0,0,0,0,10,0,0,0,0,0,0,0,0,0,0,0,0,0,0,0,0,35,0
TUK-3,2010,0,0,106,10,0,0,0,0,1,0,0,0,0,0,0,0,0,2,0,178,0,0,0,2,0,1,0,0,1,0,0,0,0,0,0,0,0,0,0,0,0,0,0,0,0,0,0,0,0,0,0,0,0,0,0,0,0,0,0,0,0,0,0,0,0,0,0,0,0,0,0,0,0,0,0,0,0,0,0,1,0,0,0,0,0,0,0,0,0,0,0,0,0,0,0,0,23,0
TUK-3,2012,0,5,128,0,0,0,0,0,0,0,0,0,0,0,0,0,0,1,0,317,0,0,0,2,0,0,0,0,0,0,0,0,0,0,0,0,0,0,0,0,0,0,0,0,0,0,0,0,0,0,0,0,0,1,3,0,0,0,0,0,0,0,0,0,0,0,0,0,0,0,0,0,0,0,0,0,0,0,0,7,0,0,0,0,0,0,0,0,0,0,0,0,0,0,0,0,15,0
TUK-3,2014,0,1,70,0,0,0,0,0,0,0,0,0,0,0,0,0,0,0,0,286,0,0,0,0,0,0,0,0,0,0,0,0,0,0,0,0,0,0,0,0,0,0,0,0,0,0,0,0,0,0,0,0,0,2,0,0,0,0,0,0,0,0,0,0,0,0,0,0,0,0,0,0,0,0,0,0,0,0,0,0,0,0,0,0,0,0,0,0,0,0,0,0,0,0,0,0,5,0
TUK-5,2008,0,1,50,2,0,0,0,2,9,0,0,0,0,0,0,0,0,0,0,198,0,0,0,0,0,0,0,0,0,0,0,0,2,0,0,0,0,0,0,0,0,0,0,0,0,0,0,0,0,0,0,0,0,0,5,0,0,0,0,0,0,0,0,0,0,0,0,0,0,0,0,0,0,0,0,0,0,0,0,0,1,4,0,0,0,0,0,0,0,0,0,0,0,0,0,0,71,0
TUK-5,2010,0,0,84,0,0,0,0,0,1,0,0,0,0,0,0,0,0,0,0,265,0,0,0,0,0,0,0,0,0,0,0,0,0,0,0,0,0,0,0,0,0,0,0,0,0,0,0,0,0,0,0,0,0,0,0,0,0,0,0,0,0,0,0,0,0,0,0,0,0,0,0,0,0,0,0,0,0,0,2,0,0,0,0,0,0,0,0,0,0,0,0,0,0,0,0,0,8,0
TUK-5,2012,0,0,318,0,0,0,0,0,0,0,0,0,0,0,0,0,0,0,0,39,0,0,0,0,0,0,0,0,0,0,0,0,0,0,0,0,0,0,0,0,0,0,0,0,0,0,0,0,0,0,0,0,0,0,0,0,0,0,0,0,0,0,0,0,0,0,0,0,0,0,0,0,0,0,0,0,0,0,0,1,0,0,0,0,0,0,0,0,0,0,0,0,0,0,0,0,1,0
TUK-5,2014,0,0,206,1,0,0,0,0,1,0,0,0,0,0,0,0,0,0,0,104,0,0,0,0,0,0,0,0,0,0,0,0,0,0,0,0,0,0,0,0,0,0,0,0,0,0,0,0,0,0,0,0,0,0,0,0,0,0,0,0,0,1,0,0,0,0,0,0,0,0,0,0,0,0,0,0,0,0,0,0,0,0,0,0,0,0,0,0,0,0,0,0,0,0,0,0,4,0
WDG-2,2008,0,0,208,2,0,0,0,0,0,0,0,0,0,0,0,0,0,3,0,90,0,0,0,0,0,0,0,0,0,0,1,0,1,0,0,0,0,0,0,0,0,0,0,0,0,0,0,0,0,0,0,0,0,1,0,0,0,0,0,0,0,0,0,0,0,0,0,0,1,0,0,0,1,0,0,0,0,0,0,1,13,0,0,0,0,0,0,0,0,0,0,0,0,0,0,0,9,0
WDG-2,2010,0,0,130,0,0,0,0,0,0,1,0,0,1,0,0,0,0,0,0,247,0,0,0,0,0,0,0,0,0,0,0,0,0,0,0,0,0,0,0,0,0,0,0,0,0,0,0,0,0,0,0,0,0,1,0,0,0,0,0,0,0,3,0,0,0,0,0,0,0,0,0,0,0,0,0,0,0,0,0,4,4,0,0,0,0,0,0,0,0,0,0,0,0,0,0,0,6,0
WDG-2,2012,0,0,274,0,0,0,0,0,0,0,0,0,0,0,0,0,0,1,0,185,0,0,0,0,0,0,0,0,0,0,0,0,4,0,0,0,0,0,0,0,0,0,0,0,0,0,0,0,0,0,0,0,0,0,0,0,0,0,0,0,0,1,0,0,0,0,0,0,0,0,0,0,0,0,0,0,0,0,0,1,0,0,0,0,0,0,0,0,0,0,0,0,0,0,0,0,4,0
WDG-2,2014,0,0,30,1,0,0,0,0,2,0,0,0,0,0,0,0,0,0,0,29,0,0,0,0,0,0,0,0,0,0,0,0,0,0,0,0,0,0,0,0,0,0,0,0,0,0,0,0,0,0,0,0,0,2,0,0,0,0,0,0,0,0,0,0,0,0,3,0,0,0,0,0,0,0,0,0,0,0,0,2,71,0,0,0,0,0,0,0,0,0,0,0,0,0,0,0,33,0
